surface_id,surface,axis_id,axis,status,evidence,finding_id
R001,(tabs)/(home)/_layout.tsx,task,Task clarity and platform-pattern fit,pending,,
R001,(tabs)/(home)/_layout.tsx,navigation,"Navigation, hierarchy and return",pending,,
R001,(tabs)/(home)/_layout.tsx,selection,Value selection and current value,pending,,
R001,(tabs)/(home)/_layout.tsx,modality,Presentation and dismissal,pending,,
R001,(tabs)/(home)/_layout.tsx,layout,"Safe areas, scroll edges and overlays",pending,,
R001,(tabs)/(home)/_layout.tsx,adaptation,Phone/tablet/window reflow,pending,,
R001,(tabs)/(home)/_layout.tsx,typography,"Dynamic Type, wrapping and legibility",pending,,
R001,(tabs)/(home)/_layout.tsx,appearance,"Light/dark, contrast and materials",pending,,
R001,(tabs)/(home)/_layout.tsx,localization,"Locale, timezone, RTL and long strings",pending,,
R001,(tabs)/(home)/_layout.tsx,imagery,"Icons, photos and missing media",pending,,
R001,(tabs)/(home)/_layout.tsx,targets,Touch target size and reachability,pending,,
R001,(tabs)/(home)/_layout.tsx,gestures,Gestures and explicit alternatives,pending,,
R001,(tabs)/(home)/_layout.tsx,keyboard,"Keyboard, text entry and focus",pending,,
R001,(tabs)/(home)/_layout.tsx,accessibility,"VoiceOver/TalkBack names, roles, states and order",pending,,
R001,(tabs)/(home)/_layout.tsx,motion,Reduced motion and feedback alternatives,pending,,
R001,(tabs)/(home)/_layout.tsx,content,"Lists, hierarchy, density and pagination",pending,,
R001,(tabs)/(home)/_layout.tsx,search,"Search, scope and filters",pending,,
R001,(tabs)/(home)/_layout.tsx,loading,"Loading, background refresh and progress",pending,,
R001,(tabs)/(home)/_layout.tsx,recovery,"Empty, error, denied and retry",pending,,
R001,(tabs)/(home)/_layout.tsx,editing,"Draft, save, cancel, undo and interruption",pending,,
R001,(tabs)/(home)/_layout.tsx,privacy,"Account scope, data use and permissions",pending,,
R001,(tabs)/(home)/_layout.tsx,notifications,System notification entry and state,pending,,
R001,(tabs)/(home)/_layout.tsx,media,"Camera, library, files and audio",pending,,
R001,(tabs)/(home)/_layout.tsx,lifecycle,"Cold/warm start, blur, background and deep link",pending,,
R002,(tabs)/(home)/index.tsx,task,Task clarity and platform-pattern fit,pending,,
R002,(tabs)/(home)/index.tsx,navigation,"Navigation, hierarchy and return",pending,,
R002,(tabs)/(home)/index.tsx,selection,Value selection and current value,pending,,
R002,(tabs)/(home)/index.tsx,modality,Presentation and dismissal,pending,,
R002,(tabs)/(home)/index.tsx,layout,"Safe areas, scroll edges and overlays",pending,,
R002,(tabs)/(home)/index.tsx,adaptation,Phone/tablet/window reflow,pending,,
R002,(tabs)/(home)/index.tsx,typography,"Dynamic Type, wrapping and legibility",pending,,
R002,(tabs)/(home)/index.tsx,appearance,"Light/dark, contrast and materials",pending,,
R002,(tabs)/(home)/index.tsx,localization,"Locale, timezone, RTL and long strings",pending,,
R002,(tabs)/(home)/index.tsx,imagery,"Icons, photos and missing media",pending,,
R002,(tabs)/(home)/index.tsx,targets,Touch target size and reachability,pending,,
R002,(tabs)/(home)/index.tsx,gestures,Gestures and explicit alternatives,pending,,
R002,(tabs)/(home)/index.tsx,keyboard,"Keyboard, text entry and focus",pending,,
R002,(tabs)/(home)/index.tsx,accessibility,"VoiceOver/TalkBack names, roles, states and order",pending,,
R002,(tabs)/(home)/index.tsx,motion,Reduced motion and feedback alternatives,pending,,
R002,(tabs)/(home)/index.tsx,content,"Lists, hierarchy, density and pagination",pending,,
R002,(tabs)/(home)/index.tsx,search,"Search, scope and filters",pending,,
R002,(tabs)/(home)/index.tsx,loading,"Loading, background refresh and progress",pending,,
R002,(tabs)/(home)/index.tsx,recovery,"Empty, error, denied and retry",pending,,
R002,(tabs)/(home)/index.tsx,editing,"Draft, save, cancel, undo and interruption",pending,,
R002,(tabs)/(home)/index.tsx,privacy,"Account scope, data use and permissions",pending,,
R002,(tabs)/(home)/index.tsx,notifications,System notification entry and state,pending,,
R002,(tabs)/(home)/index.tsx,media,"Camera, library, files and audio",pending,,
R002,(tabs)/(home)/index.tsx,lifecycle,"Cold/warm start, blur, background and deep link",pending,,
R003,(tabs)/_layout.tsx,task,Task clarity and platform-pattern fit,pending,,
R003,(tabs)/_layout.tsx,navigation,"Navigation, hierarchy and return",pending,,
R003,(tabs)/_layout.tsx,selection,Value selection and current value,pending,,
R003,(tabs)/_layout.tsx,modality,Presentation and dismissal,pending,,
R003,(tabs)/_layout.tsx,layout,"Safe areas, scroll edges and overlays",pending,,
R003,(tabs)/_layout.tsx,adaptation,Phone/tablet/window reflow,pending,,
R003,(tabs)/_layout.tsx,typography,"Dynamic Type, wrapping and legibility",pending,,
R003,(tabs)/_layout.tsx,appearance,"Light/dark, contrast and materials",pending,,
R003,(tabs)/_layout.tsx,localization,"Locale, timezone, RTL and long strings",pending,,
R003,(tabs)/_layout.tsx,imagery,"Icons, photos and missing media",pending,,
R003,(tabs)/_layout.tsx,targets,Touch target size and reachability,pending,,
R003,(tabs)/_layout.tsx,gestures,Gestures and explicit alternatives,pending,,
R003,(tabs)/_layout.tsx,keyboard,"Keyboard, text entry and focus",pending,,
R003,(tabs)/_layout.tsx,accessibility,"VoiceOver/TalkBack names, roles, states and order",pending,,
R003,(tabs)/_layout.tsx,motion,Reduced motion and feedback alternatives,pending,,
R003,(tabs)/_layout.tsx,content,"Lists, hierarchy, density and pagination",pending,,
R003,(tabs)/_layout.tsx,search,"Search, scope and filters",pending,,
R003,(tabs)/_layout.tsx,loading,"Loading, background refresh and progress",pending,,
R003,(tabs)/_layout.tsx,recovery,"Empty, error, denied and retry",pending,,
R003,(tabs)/_layout.tsx,editing,"Draft, save, cancel, undo and interruption",pending,,
R003,(tabs)/_layout.tsx,privacy,"Account scope, data use and permissions",pending,,
R003,(tabs)/_layout.tsx,notifications,System notification entry and state,pending,,
R003,(tabs)/_layout.tsx,media,"Camera, library, files and audio",pending,,
R003,(tabs)/_layout.tsx,lifecycle,"Cold/warm start, blur, background and deep link",pending,,
R004,(tabs)/search/_layout.tsx,task,Task clarity and platform-pattern fit,pending,,
R004,(tabs)/search/_layout.tsx,navigation,"Navigation, hierarchy and return",pending,,
R004,(tabs)/search/_layout.tsx,selection,Value selection and current value,pending,,
R004,(tabs)/search/_layout.tsx,modality,Presentation and dismissal,pending,,
R004,(tabs)/search/_layout.tsx,layout,"Safe areas, scroll edges and overlays",pending,,
R004,(tabs)/search/_layout.tsx,adaptation,Phone/tablet/window reflow,pending,,
R004,(tabs)/search/_layout.tsx,typography,"Dynamic Type, wrapping and legibility",pending,,
R004,(tabs)/search/_layout.tsx,appearance,"Light/dark, contrast and materials",pending,,
R004,(tabs)/search/_layout.tsx,localization,"Locale, timezone, RTL and long strings",pending,,
R004,(tabs)/search/_layout.tsx,imagery,"Icons, photos and missing media",pending,,
R004,(tabs)/search/_layout.tsx,targets,Touch target size and reachability,pending,,
R004,(tabs)/search/_layout.tsx,gestures,Gestures and explicit alternatives,pending,,
R004,(tabs)/search/_layout.tsx,keyboard,"Keyboard, text entry and focus",pending,,
R004,(tabs)/search/_layout.tsx,accessibility,"VoiceOver/TalkBack names, roles, states and order",pending,,
R004,(tabs)/search/_layout.tsx,motion,Reduced motion and feedback alternatives,pending,,
R004,(tabs)/search/_layout.tsx,content,"Lists, hierarchy, density and pagination",pending,,
R004,(tabs)/search/_layout.tsx,search,"Search, scope and filters",pending,,
R004,(tabs)/search/_layout.tsx,loading,"Loading, background refresh and progress",pending,,
R004,(tabs)/search/_layout.tsx,recovery,"Empty, error, denied and retry",pending,,
R004,(tabs)/search/_layout.tsx,editing,"Draft, save, cancel, undo and interruption",pending,,
R004,(tabs)/search/_layout.tsx,privacy,"Account scope, data use and permissions",pending,,
R004,(tabs)/search/_layout.tsx,notifications,System notification entry and state,pending,,
R004,(tabs)/search/_layout.tsx,media,"Camera, library, files and audio",pending,,
R004,(tabs)/search/_layout.tsx,lifecycle,"Cold/warm start, blur, background and deep link",pending,,
R005,(tabs)/search/index.tsx,task,Task clarity and platform-pattern fit,pending,,
R005,(tabs)/search/index.tsx,navigation,"Navigation, hierarchy and return",pending,,
R005,(tabs)/search/index.tsx,selection,Value selection and current value,pending,,
R005,(tabs)/search/index.tsx,modality,Presentation and dismissal,pending,,
R005,(tabs)/search/index.tsx,layout,"Safe areas, scroll edges and overlays",pending,,
R005,(tabs)/search/index.tsx,adaptation,Phone/tablet/window reflow,pending,,
R005,(tabs)/search/index.tsx,typography,"Dynamic Type, wrapping and legibility",pending,,
R005,(tabs)/search/index.tsx,appearance,"Light/dark, contrast and materials",pending,,
R005,(tabs)/search/index.tsx,localization,"Locale, timezone, RTL and long strings",pending,,
R005,(tabs)/search/index.tsx,imagery,"Icons, photos and missing media",pending,,
R005,(tabs)/search/index.tsx,targets,Touch target size and reachability,pending,,
R005,(tabs)/search/index.tsx,gestures,Gestures and explicit alternatives,pending,,
R005,(tabs)/search/index.tsx,keyboard,"Keyboard, text entry and focus",pending,,
R005,(tabs)/search/index.tsx,accessibility,"VoiceOver/TalkBack names, roles, states and order",pending,,
R005,(tabs)/search/index.tsx,motion,Reduced motion and feedback alternatives,pending,,
R005,(tabs)/search/index.tsx,content,"Lists, hierarchy, density and pagination",pending,,
R005,(tabs)/search/index.tsx,search,"Search, scope and filters",pending,,
R005,(tabs)/search/index.tsx,loading,"Loading, background refresh and progress",pending,,
R005,(tabs)/search/index.tsx,recovery,"Empty, error, denied and retry",pending,,
R005,(tabs)/search/index.tsx,editing,"Draft, save, cancel, undo and interruption",pending,,
R005,(tabs)/search/index.tsx,privacy,"Account scope, data use and permissions",pending,,
R005,(tabs)/search/index.tsx,notifications,System notification entry and state,pending,,
R005,(tabs)/search/index.tsx,media,"Camera, library, files and audio",pending,,
R005,(tabs)/search/index.tsx,lifecycle,"Cold/warm start, blur, background and deep link",pending,,
R006,_layout.tsx,task,Task clarity and platform-pattern fit,pending,,
R006,_layout.tsx,navigation,"Navigation, hierarchy and return",pending,,
R006,_layout.tsx,selection,Value selection and current value,pending,,
R006,_layout.tsx,modality,Presentation and dismissal,pending,,
R006,_layout.tsx,layout,"Safe areas, scroll edges and overlays",pending,,
R006,_layout.tsx,adaptation,Phone/tablet/window reflow,pending,,
R006,_layout.tsx,typography,"Dynamic Type, wrapping and legibility",pending,,
R006,_layout.tsx,appearance,"Light/dark, contrast and materials",pending,,
R006,_layout.tsx,localization,"Locale, timezone, RTL and long strings",pending,,
R006,_layout.tsx,imagery,"Icons, photos and missing media",pending,,
R006,_layout.tsx,targets,Touch target size and reachability,pending,,
R006,_layout.tsx,gestures,Gestures and explicit alternatives,pending,,
R006,_layout.tsx,keyboard,"Keyboard, text entry and focus",pending,,
R006,_layout.tsx,accessibility,"VoiceOver/TalkBack names, roles, states and order",pending,,
R006,_layout.tsx,motion,Reduced motion and feedback alternatives,pending,,
R006,_layout.tsx,content,"Lists, hierarchy, density and pagination",pending,,
R006,_layout.tsx,search,"Search, scope and filters",pending,,
R006,_layout.tsx,loading,"Loading, background refresh and progress",pending,,
R006,_layout.tsx,recovery,"Empty, error, denied and retry",pending,,
R006,_layout.tsx,editing,"Draft, save, cancel, undo and interruption",pending,,
R006,_layout.tsx,privacy,"Account scope, data use and permissions",pending,,
R006,_layout.tsx,notifications,System notification entry and state,pending,,
R006,_layout.tsx,media,"Camera, library, files and audio",pending,,
R006,_layout.tsx,lifecycle,"Cold/warm start, blur, background and deep link",pending,,
R007,add.tsx,task,Task clarity and platform-pattern fit,pending,,
R007,add.tsx,navigation,"Navigation, hierarchy and return",pending,,
R007,add.tsx,selection,Value selection and current value,pending,,
R007,add.tsx,modality,Presentation and dismissal,pending,,
R007,add.tsx,layout,"Safe areas, scroll edges and overlays",pending,,
R007,add.tsx,adaptation,Phone/tablet/window reflow,pending,,
R007,add.tsx,typography,"Dynamic Type, wrapping and legibility",pending,,
R007,add.tsx,appearance,"Light/dark, contrast and materials",pending,,
R007,add.tsx,localization,"Locale, timezone, RTL and long strings",pending,,
R007,add.tsx,imagery,"Icons, photos and missing media",pending,,
R007,add.tsx,targets,Touch target size and reachability,pending,,
R007,add.tsx,gestures,Gestures and explicit alternatives,pending,,
R007,add.tsx,keyboard,"Keyboard, text entry and focus",pending,,
R007,add.tsx,accessibility,"VoiceOver/TalkBack names, roles, states and order",pending,,
R007,add.tsx,motion,Reduced motion and feedback alternatives,pending,,
R007,add.tsx,content,"Lists, hierarchy, density and pagination",pending,,
R007,add.tsx,search,"Search, scope and filters",pending,,
R007,add.tsx,loading,"Loading, background refresh and progress",pending,,
R007,add.tsx,recovery,"Empty, error, denied and retry",pending,,
R007,add.tsx,editing,"Draft, save, cancel, undo and interruption",pending,,
R007,add.tsx,privacy,"Account scope, data use and permissions",pending,,
R007,add.tsx,notifications,System notification entry and state,pending,,
R007,add.tsx,media,"Camera, library, files and audio",pending,,
R007,add.tsx,lifecycle,"Cold/warm start, blur, background and deep link",pending,,
R008,assets/[assetId]/checkouts.tsx,task,Task clarity and platform-pattern fit,pending,,
R008,assets/[assetId]/checkouts.tsx,navigation,"Navigation, hierarchy and return",pending,,
R008,assets/[assetId]/checkouts.tsx,selection,Value selection and current value,pending,,
R008,assets/[assetId]/checkouts.tsx,modality,Presentation and dismissal,pending,,
R008,assets/[assetId]/checkouts.tsx,layout,"Safe areas, scroll edges and overlays",pending,,
R008,assets/[assetId]/checkouts.tsx,adaptation,Phone/tablet/window reflow,pending,,
R008,assets/[assetId]/checkouts.tsx,typography,"Dynamic Type, wrapping and legibility",pending,,
R008,assets/[assetId]/checkouts.tsx,appearance,"Light/dark, contrast and materials",pending,,
R008,assets/[assetId]/checkouts.tsx,localization,"Locale, timezone, RTL and long strings",pending,,
R008,assets/[assetId]/checkouts.tsx,imagery,"Icons, photos and missing media",pending,,
R008,assets/[assetId]/checkouts.tsx,targets,Touch target size and reachability,pending,,
R008,assets/[assetId]/checkouts.tsx,gestures,Gestures and explicit alternatives,pending,,
R008,assets/[assetId]/checkouts.tsx,keyboard,"Keyboard, text entry and focus",pending,,
R008,assets/[assetId]/checkouts.tsx,accessibility,"VoiceOver/TalkBack names, roles, states and order",pending,,
R008,assets/[assetId]/checkouts.tsx,motion,Reduced motion and feedback alternatives,pending,,
R008,assets/[assetId]/checkouts.tsx,content,"Lists, hierarchy, density and pagination",pending,,
R008,assets/[assetId]/checkouts.tsx,search,"Search, scope and filters",pending,,
R008,assets/[assetId]/checkouts.tsx,loading,"Loading, background refresh and progress",pending,,
R008,assets/[assetId]/checkouts.tsx,recovery,"Empty, error, denied and retry",pending,,
R008,assets/[assetId]/checkouts.tsx,editing,"Draft, save, cancel, undo and interruption",pending,,
R008,assets/[assetId]/checkouts.tsx,privacy,"Account scope, data use and permissions",pending,,
R008,assets/[assetId]/checkouts.tsx,notifications,System notification entry and state,pending,,
R008,assets/[assetId]/checkouts.tsx,media,"Camera, library, files and audio",pending,,
R008,assets/[assetId]/checkouts.tsx,lifecycle,"Cold/warm start, blur, background and deep link",pending,,
R009,assets/[assetId]/edit.tsx,task,Task clarity and platform-pattern fit,pending,,
R009,assets/[assetId]/edit.tsx,navigation,"Navigation, hierarchy and return",pending,,
R009,assets/[assetId]/edit.tsx,selection,Value selection and current value,pending,,
R009,assets/[assetId]/edit.tsx,modality,Presentation and dismissal,pending,,
R009,assets/[assetId]/edit.tsx,layout,"Safe areas, scroll edges and overlays",pending,,
R009,assets/[assetId]/edit.tsx,adaptation,Phone/tablet/window reflow,pending,,
R009,assets/[assetId]/edit.tsx,typography,"Dynamic Type, wrapping and legibility",pending,,
R009,assets/[assetId]/edit.tsx,appearance,"Light/dark, contrast and materials",pending,,
R009,assets/[assetId]/edit.tsx,localization,"Locale, timezone, RTL and long strings",pending,,
R009,assets/[assetId]/edit.tsx,imagery,"Icons, photos and missing media",pending,,
R009,assets/[assetId]/edit.tsx,targets,Touch target size and reachability,pending,,
R009,assets/[assetId]/edit.tsx,gestures,Gestures and explicit alternatives,pending,,
R009,assets/[assetId]/edit.tsx,keyboard,"Keyboard, text entry and focus",pending,,
R009,assets/[assetId]/edit.tsx,accessibility,"VoiceOver/TalkBack names, roles, states and order",pending,,
R009,assets/[assetId]/edit.tsx,motion,Reduced motion and feedback alternatives,pending,,
R009,assets/[assetId]/edit.tsx,content,"Lists, hierarchy, density and pagination",pending,,
R009,assets/[assetId]/edit.tsx,search,"Search, scope and filters",pending,,
R009,assets/[assetId]/edit.tsx,loading,"Loading, background refresh and progress",pending,,
R009,assets/[assetId]/edit.tsx,recovery,"Empty, error, denied and retry",pending,,
R009,assets/[assetId]/edit.tsx,editing,"Draft, save, cancel, undo and interruption",pending,,
R009,assets/[assetId]/edit.tsx,privacy,"Account scope, data use and permissions",pending,,
R009,assets/[assetId]/edit.tsx,notifications,System notification entry and state,pending,,
R009,assets/[assetId]/edit.tsx,media,"Camera, library, files and audio",pending,,
R009,assets/[assetId]/edit.tsx,lifecycle,"Cold/warm start, blur, background and deep link",pending,,
R010,assets/[assetId]/history/[activityId].tsx,task,Task clarity and platform-pattern fit,pending,,
R010,assets/[assetId]/history/[activityId].tsx,navigation,"Navigation, hierarchy and return",pending,,
R010,assets/[assetId]/history/[activityId].tsx,selection,Value selection and current value,pending,,
R010,assets/[assetId]/history/[activityId].tsx,modality,Presentation and dismissal,pending,,
R010,assets/[assetId]/history/[activityId].tsx,layout,"Safe areas, scroll edges and overlays",pending,,
R010,assets/[assetId]/history/[activityId].tsx,adaptation,Phone/tablet/window reflow,pending,,
R010,assets/[assetId]/history/[activityId].tsx,typography,"Dynamic Type, wrapping and legibility",pending,,
R010,assets/[assetId]/history/[activityId].tsx,appearance,"Light/dark, contrast and materials",pending,,
R010,assets/[assetId]/history/[activityId].tsx,localization,"Locale, timezone, RTL and long strings",pending,,
R010,assets/[assetId]/history/[activityId].tsx,imagery,"Icons, photos and missing media",pending,,
R010,assets/[assetId]/history/[activityId].tsx,targets,Touch target size and reachability,pending,,
R010,assets/[assetId]/history/[activityId].tsx,gestures,Gestures and explicit alternatives,pending,,
R010,assets/[assetId]/history/[activityId].tsx,keyboard,"Keyboard, text entry and focus",pending,,
R010,assets/[assetId]/history/[activityId].tsx,accessibility,"VoiceOver/TalkBack names, roles, states and order",pending,,
R010,assets/[assetId]/history/[activityId].tsx,motion,Reduced motion and feedback alternatives,pending,,
R010,assets/[assetId]/history/[activityId].tsx,content,"Lists, hierarchy, density and pagination",pending,,
R010,assets/[assetId]/history/[activityId].tsx,search,"Search, scope and filters",pending,,
R010,assets/[assetId]/history/[activityId].tsx,loading,"Loading, background refresh and progress",pending,,
R010,assets/[assetId]/history/[activityId].tsx,recovery,"Empty, error, denied and retry",pending,,
R010,assets/[assetId]/history/[activityId].tsx,editing,"Draft, save, cancel, undo and interruption",pending,,
R010,assets/[assetId]/history/[activityId].tsx,privacy,"Account scope, data use and permissions",pending,,
R010,assets/[assetId]/history/[activityId].tsx,notifications,System notification entry and state,pending,,
R010,assets/[assetId]/history/[activityId].tsx,media,"Camera, library, files and audio",pending,,
R010,assets/[assetId]/history/[activityId].tsx,lifecycle,"Cold/warm start, blur, background and deep link",pending,,
R011,assets/[assetId]/history/index.tsx,task,Task clarity and platform-pattern fit,pending,,
R011,assets/[assetId]/history/index.tsx,navigation,"Navigation, hierarchy and return",pending,,
R011,assets/[assetId]/history/index.tsx,selection,Value selection and current value,pending,,
R011,assets/[assetId]/history/index.tsx,modality,Presentation and dismissal,pending,,
R011,assets/[assetId]/history/index.tsx,layout,"Safe areas, scroll edges and overlays",pending,,
R011,assets/[assetId]/history/index.tsx,adaptation,Phone/tablet/window reflow,pending,,
R011,assets/[assetId]/history/index.tsx,typography,"Dynamic Type, wrapping and legibility",pending,,
R011,assets/[assetId]/history/index.tsx,appearance,"Light/dark, contrast and materials",pending,,
R011,assets/[assetId]/history/index.tsx,localization,"Locale, timezone, RTL and long strings",pending,,
R011,assets/[assetId]/history/index.tsx,imagery,"Icons, photos and missing media",pending,,
R011,assets/[assetId]/history/index.tsx,targets,Touch target size and reachability,pending,,
R011,assets/[assetId]/history/index.tsx,gestures,Gestures and explicit alternatives,pending,,
R011,assets/[assetId]/history/index.tsx,keyboard,"Keyboard, text entry and focus",pending,,
R011,assets/[assetId]/history/index.tsx,accessibility,"VoiceOver/TalkBack names, roles, states and order",pending,,
R011,assets/[assetId]/history/index.tsx,motion,Reduced motion and feedback alternatives,pending,,
R011,assets/[assetId]/history/index.tsx,content,"Lists, hierarchy, density and pagination",pending,,
R011,assets/[assetId]/history/index.tsx,search,"Search, scope and filters",pending,,
R011,assets/[assetId]/history/index.tsx,loading,"Loading, background refresh and progress",source-reviewed,Refresh owners inspected and migrated to usePullRefresh; blur/generation/duplicate tests plus real query-cache and inbox regression; underlying errors retained. Native scroll presentation pending.,M05
R011,assets/[assetId]/history/index.tsx,recovery,"Empty, error, denied and retry",pending,,
R011,assets/[assetId]/history/index.tsx,editing,"Draft, save, cancel, undo and interruption",pending,,
R011,assets/[assetId]/history/index.tsx,privacy,"Account scope, data use and permissions",pending,,
R011,assets/[assetId]/history/index.tsx,notifications,System notification entry and state,pending,,
R011,assets/[assetId]/history/index.tsx,media,"Camera, library, files and audio",pending,,
R011,assets/[assetId]/history/index.tsx,lifecycle,"Cold/warm start, blur, background and deep link",source-reviewed,Refresh owners inspected and migrated to usePullRefresh; blur/generation/duplicate tests plus real query-cache and inbox regression; underlying errors retained. Native scroll presentation pending.,M05
R012,assets/[assetId]/index.tsx,task,Task clarity and platform-pattern fit,pending,,
R012,assets/[assetId]/index.tsx,navigation,"Navigation, hierarchy and return",pending,,
R012,assets/[assetId]/index.tsx,selection,Value selection and current value,pending,,
R012,assets/[assetId]/index.tsx,modality,Presentation and dismissal,pending,,
R012,assets/[assetId]/index.tsx,layout,"Safe areas, scroll edges and overlays",pending,,
R012,assets/[assetId]/index.tsx,adaptation,Phone/tablet/window reflow,pending,,
R012,assets/[assetId]/index.tsx,typography,"Dynamic Type, wrapping and legibility",pending,,
R012,assets/[assetId]/index.tsx,appearance,"Light/dark, contrast and materials",pending,,
R012,assets/[assetId]/index.tsx,localization,"Locale, timezone, RTL and long strings",pending,,
R012,assets/[assetId]/index.tsx,imagery,"Icons, photos and missing media",pending,,
R012,assets/[assetId]/index.tsx,targets,Touch target size and reachability,pending,,
R012,assets/[assetId]/index.tsx,gestures,Gestures and explicit alternatives,pending,,
R012,assets/[assetId]/index.tsx,keyboard,"Keyboard, text entry and focus",pending,,
R012,assets/[assetId]/index.tsx,accessibility,"VoiceOver/TalkBack names, roles, states and order",pending,,
R012,assets/[assetId]/index.tsx,motion,Reduced motion and feedback alternatives,pending,,
R012,assets/[assetId]/index.tsx,content,"Lists, hierarchy, density and pagination",pending,,
R012,assets/[assetId]/index.tsx,search,"Search, scope and filters",pending,,
R012,assets/[assetId]/index.tsx,loading,"Loading, background refresh and progress",source-reviewed,Refresh owners inspected and migrated to usePullRefresh; blur/generation/duplicate tests plus real query-cache and inbox regression; underlying errors retained. Native scroll presentation pending.,M05
R012,assets/[assetId]/index.tsx,recovery,"Empty, error, denied and retry",pending,,
R012,assets/[assetId]/index.tsx,editing,"Draft, save, cancel, undo and interruption",pending,,
R012,assets/[assetId]/index.tsx,privacy,"Account scope, data use and permissions",pending,,
R012,assets/[assetId]/index.tsx,notifications,System notification entry and state,pending,,
R012,assets/[assetId]/index.tsx,media,"Camera, library, files and audio",pending,,
R012,assets/[assetId]/index.tsx,lifecycle,"Cold/warm start, blur, background and deep link",source-reviewed,Refresh owners inspected and migrated to usePullRefresh; blur/generation/duplicate tests plus real query-cache and inbox regression; underlying errors retained. Native scroll presentation pending.,M05
R013,assets/[assetId]/move-here.tsx,task,Task clarity and platform-pattern fit,pending,,
R013,assets/[assetId]/move-here.tsx,navigation,"Navigation, hierarchy and return",pending,,
R013,assets/[assetId]/move-here.tsx,selection,Value selection and current value,pending,,
R013,assets/[assetId]/move-here.tsx,modality,Presentation and dismissal,pending,,
R013,assets/[assetId]/move-here.tsx,layout,"Safe areas, scroll edges and overlays",pending,,
R013,assets/[assetId]/move-here.tsx,adaptation,Phone/tablet/window reflow,pending,,
R013,assets/[assetId]/move-here.tsx,typography,"Dynamic Type, wrapping and legibility",pending,,
R013,assets/[assetId]/move-here.tsx,appearance,"Light/dark, contrast and materials",pending,,
R013,assets/[assetId]/move-here.tsx,localization,"Locale, timezone, RTL and long strings",pending,,
R013,assets/[assetId]/move-here.tsx,imagery,"Icons, photos and missing media",pending,,
R013,assets/[assetId]/move-here.tsx,targets,Touch target size and reachability,pending,,
R013,assets/[assetId]/move-here.tsx,gestures,Gestures and explicit alternatives,pending,,
R013,assets/[assetId]/move-here.tsx,keyboard,"Keyboard, text entry and focus",pending,,
R013,assets/[assetId]/move-here.tsx,accessibility,"VoiceOver/TalkBack names, roles, states and order",pending,,
R013,assets/[assetId]/move-here.tsx,motion,Reduced motion and feedback alternatives,pending,,
R013,assets/[assetId]/move-here.tsx,content,"Lists, hierarchy, density and pagination",pending,,
R013,assets/[assetId]/move-here.tsx,search,"Search, scope and filters",pending,,
R013,assets/[assetId]/move-here.tsx,loading,"Loading, background refresh and progress",pending,,
R013,assets/[assetId]/move-here.tsx,recovery,"Empty, error, denied and retry",pending,,
R013,assets/[assetId]/move-here.tsx,editing,"Draft, save, cancel, undo and interruption",pending,,
R013,assets/[assetId]/move-here.tsx,privacy,"Account scope, data use and permissions",pending,,
R013,assets/[assetId]/move-here.tsx,notifications,System notification entry and state,pending,,
R013,assets/[assetId]/move-here.tsx,media,"Camera, library, files and audio",pending,,
R013,assets/[assetId]/move-here.tsx,lifecycle,"Cold/warm start, blur, background and deep link",pending,,
R014,assets/[assetId]/move.tsx,task,Task clarity and platform-pattern fit,pending,,
R014,assets/[assetId]/move.tsx,navigation,"Navigation, hierarchy and return",pending,,
R014,assets/[assetId]/move.tsx,selection,Value selection and current value,pending,,
R014,assets/[assetId]/move.tsx,modality,Presentation and dismissal,pending,,
R014,assets/[assetId]/move.tsx,layout,"Safe areas, scroll edges and overlays",pending,,
R014,assets/[assetId]/move.tsx,adaptation,Phone/tablet/window reflow,pending,,
R014,assets/[assetId]/move.tsx,typography,"Dynamic Type, wrapping and legibility",pending,,
R014,assets/[assetId]/move.tsx,appearance,"Light/dark, contrast and materials",pending,,
R014,assets/[assetId]/move.tsx,localization,"Locale, timezone, RTL and long strings",pending,,
R014,assets/[assetId]/move.tsx,imagery,"Icons, photos and missing media",pending,,
R014,assets/[assetId]/move.tsx,targets,Touch target size and reachability,pending,,
R014,assets/[assetId]/move.tsx,gestures,Gestures and explicit alternatives,pending,,
R014,assets/[assetId]/move.tsx,keyboard,"Keyboard, text entry and focus",pending,,
R014,assets/[assetId]/move.tsx,accessibility,"VoiceOver/TalkBack names, roles, states and order",pending,,
R014,assets/[assetId]/move.tsx,motion,Reduced motion and feedback alternatives,pending,,
R014,assets/[assetId]/move.tsx,content,"Lists, hierarchy, density and pagination",pending,,
R014,assets/[assetId]/move.tsx,search,"Search, scope and filters",pending,,
R014,assets/[assetId]/move.tsx,loading,"Loading, background refresh and progress",pending,,
R014,assets/[assetId]/move.tsx,recovery,"Empty, error, denied and retry",pending,,
R014,assets/[assetId]/move.tsx,editing,"Draft, save, cancel, undo and interruption",pending,,
R014,assets/[assetId]/move.tsx,privacy,"Account scope, data use and permissions",pending,,
R014,assets/[assetId]/move.tsx,notifications,System notification entry and state,pending,,
R014,assets/[assetId]/move.tsx,media,"Camera, library, files and audio",pending,,
R014,assets/[assetId]/move.tsx,lifecycle,"Cold/warm start, blur, background and deep link",pending,,
R015,assets/index.tsx,task,Task clarity and platform-pattern fit,pending,,
R015,assets/index.tsx,navigation,"Navigation, hierarchy and return",pending,,
R015,assets/index.tsx,selection,Value selection and current value,pending,,
R015,assets/index.tsx,modality,Presentation and dismissal,pending,,
R015,assets/index.tsx,layout,"Safe areas, scroll edges and overlays",pending,,
R015,assets/index.tsx,adaptation,Phone/tablet/window reflow,pending,,
R015,assets/index.tsx,typography,"Dynamic Type, wrapping and legibility",pending,,
R015,assets/index.tsx,appearance,"Light/dark, contrast and materials",pending,,
R015,assets/index.tsx,localization,"Locale, timezone, RTL and long strings",pending,,
R015,assets/index.tsx,imagery,"Icons, photos and missing media",pending,,
R015,assets/index.tsx,targets,Touch target size and reachability,pending,,
R015,assets/index.tsx,gestures,Gestures and explicit alternatives,pending,,
R015,assets/index.tsx,keyboard,"Keyboard, text entry and focus",pending,,
R015,assets/index.tsx,accessibility,"VoiceOver/TalkBack names, roles, states and order",pending,,
R015,assets/index.tsx,motion,Reduced motion and feedback alternatives,pending,,
R015,assets/index.tsx,content,"Lists, hierarchy, density and pagination",pending,,
R015,assets/index.tsx,search,"Search, scope and filters",pending,,
R015,assets/index.tsx,loading,"Loading, background refresh and progress",source-reviewed,"M13; scoped in-place retry, repeated failure and scope recovery; 1349 remote tests/check/structural; native pending",M13
R015,assets/index.tsx,recovery,"Empty, error, denied and retry",source-reviewed,"M13; scoped in-place retry, repeated failure and scope recovery; 1349 remote tests/check/structural; native pending",M13
R015,assets/index.tsx,editing,"Draft, save, cancel, undo and interruption",pending,,
R015,assets/index.tsx,privacy,"Account scope, data use and permissions",pending,,
R015,assets/index.tsx,notifications,System notification entry and state,pending,,
R015,assets/index.tsx,media,"Camera, library, files and audio",pending,,
R015,assets/index.tsx,lifecycle,"Cold/warm start, blur, background and deep link",source-reviewed,Refresh owners inspected and migrated to usePullRefresh; blur/generation/duplicate tests plus real query-cache and inbox regression; underlying errors retained. Native scroll presentation pending.,M05
R016,browse-filters.tsx,task,Task clarity and platform-pattern fit,pending,,
R016,browse-filters.tsx,navigation,"Navigation, hierarchy and return",pending,,
R016,browse-filters.tsx,selection,Value selection and current value,pending,,
R016,browse-filters.tsx,modality,Presentation and dismissal,pending,,
R016,browse-filters.tsx,layout,"Safe areas, scroll edges and overlays",pending,,
R016,browse-filters.tsx,adaptation,Phone/tablet/window reflow,pending,,
R016,browse-filters.tsx,typography,"Dynamic Type, wrapping and legibility",pending,,
R016,browse-filters.tsx,appearance,"Light/dark, contrast and materials",pending,,
R016,browse-filters.tsx,localization,"Locale, timezone, RTL and long strings",pending,,
R016,browse-filters.tsx,imagery,"Icons, photos and missing media",pending,,
R016,browse-filters.tsx,targets,Touch target size and reachability,pending,,
R016,browse-filters.tsx,gestures,Gestures and explicit alternatives,pending,,
R016,browse-filters.tsx,keyboard,"Keyboard, text entry and focus",pending,,
R016,browse-filters.tsx,accessibility,"VoiceOver/TalkBack names, roles, states and order",pending,,
R016,browse-filters.tsx,motion,Reduced motion and feedback alternatives,pending,,
R016,browse-filters.tsx,content,"Lists, hierarchy, density and pagination",pending,,
R016,browse-filters.tsx,search,"Search, scope and filters",pending,,
R016,browse-filters.tsx,loading,"Loading, background refresh and progress",pending,,
R016,browse-filters.tsx,recovery,"Empty, error, denied and retry",pending,,
R016,browse-filters.tsx,editing,"Draft, save, cancel, undo and interruption",pending,,
R016,browse-filters.tsx,privacy,"Account scope, data use and permissions",pending,,
R016,browse-filters.tsx,notifications,System notification entry and state,pending,,
R016,browse-filters.tsx,media,"Camera, library, files and audio",pending,,
R016,browse-filters.tsx,lifecycle,"Cold/warm start, blur, background and deep link",pending,,
R017,expiration-filters.tsx,task,Task clarity and platform-pattern fit,pending,,
R017,expiration-filters.tsx,navigation,"Navigation, hierarchy and return",pending,,
R017,expiration-filters.tsx,selection,Value selection and current value,pending,,
R017,expiration-filters.tsx,modality,Presentation and dismissal,pending,,
R017,expiration-filters.tsx,layout,"Safe areas, scroll edges and overlays",pending,,
R017,expiration-filters.tsx,adaptation,Phone/tablet/window reflow,pending,,
R017,expiration-filters.tsx,typography,"Dynamic Type, wrapping and legibility",pending,,
R017,expiration-filters.tsx,appearance,"Light/dark, contrast and materials",pending,,
R017,expiration-filters.tsx,localization,"Locale, timezone, RTL and long strings",pending,,
R017,expiration-filters.tsx,imagery,"Icons, photos and missing media",pending,,
R017,expiration-filters.tsx,targets,Touch target size and reachability,pending,,
R017,expiration-filters.tsx,gestures,Gestures and explicit alternatives,pending,,
R017,expiration-filters.tsx,keyboard,"Keyboard, text entry and focus",pending,,
R017,expiration-filters.tsx,accessibility,"VoiceOver/TalkBack names, roles, states and order",pending,,
R017,expiration-filters.tsx,motion,Reduced motion and feedback alternatives,pending,,
R017,expiration-filters.tsx,content,"Lists, hierarchy, density and pagination",pending,,
R017,expiration-filters.tsx,search,"Search, scope and filters",pending,,
R017,expiration-filters.tsx,loading,"Loading, background refresh and progress",pending,,
R017,expiration-filters.tsx,recovery,"Empty, error, denied and retry",pending,,
R017,expiration-filters.tsx,editing,"Draft, save, cancel, undo and interruption",pending,,
R017,expiration-filters.tsx,privacy,"Account scope, data use and permissions",pending,,
R017,expiration-filters.tsx,notifications,System notification entry and state,pending,,
R017,expiration-filters.tsx,media,"Camera, library, files and audio",pending,,
R017,expiration-filters.tsx,lifecycle,"Cold/warm start, blur, background and deep link",pending,,
R018,expiration.tsx,task,Task clarity and platform-pattern fit,pending,,
R018,expiration.tsx,navigation,"Navigation, hierarchy and return",pending,,
R018,expiration.tsx,selection,Value selection and current value,pending,,
R018,expiration.tsx,modality,Presentation and dismissal,pending,,
R018,expiration.tsx,layout,"Safe areas, scroll edges and overlays",pending,,
R018,expiration.tsx,adaptation,Phone/tablet/window reflow,pending,,
R018,expiration.tsx,typography,"Dynamic Type, wrapping and legibility",pending,,
R018,expiration.tsx,appearance,"Light/dark, contrast and materials",pending,,
R018,expiration.tsx,localization,"Locale, timezone, RTL and long strings",pending,,
R018,expiration.tsx,imagery,"Icons, photos and missing media",pending,,
R018,expiration.tsx,targets,Touch target size and reachability,pending,,
R018,expiration.tsx,gestures,Gestures and explicit alternatives,pending,,
R018,expiration.tsx,keyboard,"Keyboard, text entry and focus",pending,,
R018,expiration.tsx,accessibility,"VoiceOver/TalkBack names, roles, states and order",pending,,
R018,expiration.tsx,motion,Reduced motion and feedback alternatives,pending,,
R018,expiration.tsx,content,"Lists, hierarchy, density and pagination",pending,,
R018,expiration.tsx,search,"Search, scope and filters",pending,,
R018,expiration.tsx,loading,"Loading, background refresh and progress",pending,,
R018,expiration.tsx,recovery,"Empty, error, denied and retry",pending,,
R018,expiration.tsx,editing,"Draft, save, cancel, undo and interruption",pending,,
R018,expiration.tsx,privacy,"Account scope, data use and permissions",pending,,
R018,expiration.tsx,notifications,System notification entry and state,pending,,
R018,expiration.tsx,media,"Camera, library, files and audio",pending,,
R018,expiration.tsx,lifecycle,"Cold/warm start, blur, background and deep link",pending,,
R019,invitations/accept.tsx,task,Task clarity and platform-pattern fit,source-reviewed,Preview names inventory and access; explicit Join precedes Open; accepted state distinguishes access from opening.,
R019,invitations/accept.tsx,navigation,"Navigation, hierarchy and return",source-reviewed,Open calls onAccepted only after acceptance. Failed open remains accepted with retry; onDismiss and account-switch callbacks explicit.,
R019,invitations/accept.tsx,selection,Value selection and current value,pending,,
R019,invitations/accept.tsx,modality,Presentation and dismissal,pending,,
R019,invitations/accept.tsx,layout,"Safe areas, scroll edges and overlays",pending,,
R019,invitations/accept.tsx,adaptation,Phone/tablet/window reflow,source-reviewed,"Centered maxWidth520 card, fontScale>=2 or width<340 uses compact spacing/top alignment; rotation/native text reflow pending.",
R019,invitations/accept.tsx,typography,"Dynamic Type, wrapping and legibility",pending,,
R019,invitations/accept.tsx,appearance,"Light/dark, contrast and materials",pending,,
R019,invitations/accept.tsx,localization,"Locale, timezone, RTL and long strings",source-reviewed,"Expiration uses Intl locale date/time; copy remains English, RTL/translated strings unverified.",
R019,invitations/accept.tsx,imagery,"Icons, photos and missing media",pending,,
R019,invitations/accept.tsx,targets,Touch target size and reachability,source-reviewed,Primary and secondary actions minHeight54 with vertical padding; native hit testing pending.,
R019,invitations/accept.tsx,gestures,Gestures and explicit alternatives,pending,,
R019,invitations/accept.tsx,keyboard,"Keyboard, text entry and focus",pending,,
R019,invitations/accept.tsx,accessibility,"VoiceOver/TalkBack names, roles, states and order",source-reviewed,M28 retains Join/Open names and busy/disabled state. Mounted progress/recovery test passes; native screen reader remains pending.,M28
R019,invitations/accept.tsx,motion,Reduced motion and feedback alternatives,pending,,
R019,invitations/accept.tsx,content,"Lists, hierarchy, density and pagination",pending,,
R019,invitations/accept.tsx,search,"Search, scope and filters",pending,,
R019,invitations/accept.tsx,loading,"Loading, background refresh and progress",source-reviewed,Preview shows Checking invitation; joining/opening retain progress labels M28. No background-query pull indicator.,M28
R019,invitations/accept.tsx,recovery,"Empty, error, denied and retry",source-reviewed,Expired/cancelled/revoked/malformed/auth/mismatched-account states and opening failure have distinct branches; actual backend boundaries outside this source-only review.,
R019,invitations/accept.tsx,editing,"Draft, save, cancel, undo and interruption",pending,,
R019,invitations/accept.tsx,privacy,"Account scope, data use and permissions",pending,,
R019,invitations/accept.tsx,notifications,System notification entry and state,pending,,
R019,invitations/accept.tsx,media,"Camera, library, files and audio",pending,,
R019,invitations/accept.tsx,lifecycle,"Cold/warm start, blur, background and deep link",source-reviewed,Request generation guards late preview/acceptance when invitation reference changes; existing behavior tests cover newer reference.,
R020,locations/[locationId]/assets/[assetId]/index.tsx,task,Task clarity and platform-pattern fit,pending,,
R020,locations/[locationId]/assets/[assetId]/index.tsx,navigation,"Navigation, hierarchy and return",pending,,
R020,locations/[locationId]/assets/[assetId]/index.tsx,selection,Value selection and current value,pending,,
R020,locations/[locationId]/assets/[assetId]/index.tsx,modality,Presentation and dismissal,pending,,
R020,locations/[locationId]/assets/[assetId]/index.tsx,layout,"Safe areas, scroll edges and overlays",pending,,
R020,locations/[locationId]/assets/[assetId]/index.tsx,adaptation,Phone/tablet/window reflow,pending,,
R020,locations/[locationId]/assets/[assetId]/index.tsx,typography,"Dynamic Type, wrapping and legibility",pending,,
R020,locations/[locationId]/assets/[assetId]/index.tsx,appearance,"Light/dark, contrast and materials",pending,,
R020,locations/[locationId]/assets/[assetId]/index.tsx,localization,"Locale, timezone, RTL and long strings",pending,,
R020,locations/[locationId]/assets/[assetId]/index.tsx,imagery,"Icons, photos and missing media",pending,,
R020,locations/[locationId]/assets/[assetId]/index.tsx,targets,Touch target size and reachability,pending,,
R020,locations/[locationId]/assets/[assetId]/index.tsx,gestures,Gestures and explicit alternatives,pending,,
R020,locations/[locationId]/assets/[assetId]/index.tsx,keyboard,"Keyboard, text entry and focus",pending,,
R020,locations/[locationId]/assets/[assetId]/index.tsx,accessibility,"VoiceOver/TalkBack names, roles, states and order",pending,,
R020,locations/[locationId]/assets/[assetId]/index.tsx,motion,Reduced motion and feedback alternatives,pending,,
R020,locations/[locationId]/assets/[assetId]/index.tsx,content,"Lists, hierarchy, density and pagination",pending,,
R020,locations/[locationId]/assets/[assetId]/index.tsx,search,"Search, scope and filters",pending,,
R020,locations/[locationId]/assets/[assetId]/index.tsx,loading,"Loading, background refresh and progress",pending,,
R020,locations/[locationId]/assets/[assetId]/index.tsx,recovery,"Empty, error, denied and retry",pending,,
R020,locations/[locationId]/assets/[assetId]/index.tsx,editing,"Draft, save, cancel, undo and interruption",pending,,
R020,locations/[locationId]/assets/[assetId]/index.tsx,privacy,"Account scope, data use and permissions",pending,,
R020,locations/[locationId]/assets/[assetId]/index.tsx,notifications,System notification entry and state,pending,,
R020,locations/[locationId]/assets/[assetId]/index.tsx,media,"Camera, library, files and audio",pending,,
R020,locations/[locationId]/assets/[assetId]/index.tsx,lifecycle,"Cold/warm start, blur, background and deep link",pending,,
R021,locations/[locationId]/index.tsx,task,Task clarity and platform-pattern fit,pending,,
R021,locations/[locationId]/index.tsx,navigation,"Navigation, hierarchy and return",pending,,
R021,locations/[locationId]/index.tsx,selection,Value selection and current value,pending,,
R021,locations/[locationId]/index.tsx,modality,Presentation and dismissal,pending,,
R021,locations/[locationId]/index.tsx,layout,"Safe areas, scroll edges and overlays",pending,,
R021,locations/[locationId]/index.tsx,adaptation,Phone/tablet/window reflow,pending,,
R021,locations/[locationId]/index.tsx,typography,"Dynamic Type, wrapping and legibility",pending,,
R021,locations/[locationId]/index.tsx,appearance,"Light/dark, contrast and materials",pending,,
R021,locations/[locationId]/index.tsx,localization,"Locale, timezone, RTL and long strings",pending,,
R021,locations/[locationId]/index.tsx,imagery,"Icons, photos and missing media",pending,,
R021,locations/[locationId]/index.tsx,targets,Touch target size and reachability,pending,,
R021,locations/[locationId]/index.tsx,gestures,Gestures and explicit alternatives,pending,,
R021,locations/[locationId]/index.tsx,keyboard,"Keyboard, text entry and focus",pending,,
R021,locations/[locationId]/index.tsx,accessibility,"VoiceOver/TalkBack names, roles, states and order",pending,,
R021,locations/[locationId]/index.tsx,motion,Reduced motion and feedback alternatives,pending,,
R021,locations/[locationId]/index.tsx,content,"Lists, hierarchy, density and pagination",pending,,
R021,locations/[locationId]/index.tsx,search,"Search, scope and filters",pending,,
R021,locations/[locationId]/index.tsx,loading,"Loading, background refresh and progress",source-reviewed,"M13; scoped in-place retry, repeated failure and scope recovery; 1349 remote tests/check/structural; native pending",M13
R021,locations/[locationId]/index.tsx,recovery,"Empty, error, denied and retry",source-reviewed,"M13; scoped in-place retry, repeated failure and scope recovery; 1349 remote tests/check/structural; native pending",M13
R021,locations/[locationId]/index.tsx,editing,"Draft, save, cancel, undo and interruption",pending,,
R021,locations/[locationId]/index.tsx,privacy,"Account scope, data use and permissions",pending,,
R021,locations/[locationId]/index.tsx,notifications,System notification entry and state,pending,,
R021,locations/[locationId]/index.tsx,media,"Camera, library, files and audio",pending,,
R021,locations/[locationId]/index.tsx,lifecycle,"Cold/warm start, blur, background and deep link",source-reviewed,Refresh owners inspected and migrated to usePullRefresh; blur/generation/duplicate tests plus real query-cache and inbox regression; underlying errors retained. Native scroll presentation pending.,M05
R022,notifications.tsx,task,Task clarity and platform-pattern fit,pending,,
R022,notifications.tsx,navigation,"Navigation, hierarchy and return",pending,,
R022,notifications.tsx,selection,Value selection and current value,pending,,
R022,notifications.tsx,modality,Presentation and dismissal,pending,,
R022,notifications.tsx,layout,"Safe areas, scroll edges and overlays",pending,,
R022,notifications.tsx,adaptation,Phone/tablet/window reflow,pending,,
R022,notifications.tsx,typography,"Dynamic Type, wrapping and legibility",pending,,
R022,notifications.tsx,appearance,"Light/dark, contrast and materials",pending,,
R022,notifications.tsx,localization,"Locale, timezone, RTL and long strings",pending,,
R022,notifications.tsx,imagery,"Icons, photos and missing media",pending,,
R022,notifications.tsx,targets,Touch target size and reachability,pending,,
R022,notifications.tsx,gestures,Gestures and explicit alternatives,pending,,
R022,notifications.tsx,keyboard,"Keyboard, text entry and focus",pending,,
R022,notifications.tsx,accessibility,"VoiceOver/TalkBack names, roles, states and order",pending,,
R022,notifications.tsx,motion,Reduced motion and feedback alternatives,pending,,
R022,notifications.tsx,content,"Lists, hierarchy, density and pagination",pending,,
R022,notifications.tsx,search,"Search, scope and filters",pending,,
R022,notifications.tsx,loading,"Loading, background refresh and progress",source-reviewed,Refresh owners inspected and migrated to usePullRefresh; blur/generation/duplicate tests plus real query-cache and inbox regression; underlying errors retained. Native scroll presentation pending.,M05
R022,notifications.tsx,recovery,"Empty, error, denied and retry",pending,,
R022,notifications.tsx,editing,"Draft, save, cancel, undo and interruption",pending,,
R022,notifications.tsx,privacy,"Account scope, data use and permissions",pending,,
R022,notifications.tsx,notifications,System notification entry and state,pending,,
R022,notifications.tsx,media,"Camera, library, files and audio",pending,,
R022,notifications.tsx,lifecycle,"Cold/warm start, blur, background and deep link",source-reviewed,Refresh owners inspected and migrated to usePullRefresh; blur/generation/duplicate tests plus real query-cache and inbox regression; underlying errors retained. Native scroll presentation pending.,M05
R023,settings/about.tsx,task,Task clarity and platform-pattern fit,pending,,
R023,settings/about.tsx,navigation,"Navigation, hierarchy and return",pending,,
R023,settings/about.tsx,selection,Value selection and current value,pending,,
R023,settings/about.tsx,modality,Presentation and dismissal,pending,,
R023,settings/about.tsx,layout,"Safe areas, scroll edges and overlays",pending,,
R023,settings/about.tsx,adaptation,Phone/tablet/window reflow,pending,,
R023,settings/about.tsx,typography,"Dynamic Type, wrapping and legibility",pending,,
R023,settings/about.tsx,appearance,"Light/dark, contrast and materials",pending,,
R023,settings/about.tsx,localization,"Locale, timezone, RTL and long strings",pending,,
R023,settings/about.tsx,imagery,"Icons, photos and missing media",pending,,
R023,settings/about.tsx,targets,Touch target size and reachability,pending,,
R023,settings/about.tsx,gestures,Gestures and explicit alternatives,pending,,
R023,settings/about.tsx,keyboard,"Keyboard, text entry and focus",pending,,
R023,settings/about.tsx,accessibility,"VoiceOver/TalkBack names, roles, states and order",pending,,
R023,settings/about.tsx,motion,Reduced motion and feedback alternatives,pending,,
R023,settings/about.tsx,content,"Lists, hierarchy, density and pagination",pending,,
R023,settings/about.tsx,search,"Search, scope and filters",pending,,
R023,settings/about.tsx,loading,"Loading, background refresh and progress",pending,,
R023,settings/about.tsx,recovery,"Empty, error, denied and retry",pending,,
R023,settings/about.tsx,editing,"Draft, save, cancel, undo and interruption",pending,,
R023,settings/about.tsx,privacy,"Account scope, data use and permissions",pending,,
R023,settings/about.tsx,notifications,System notification entry and state,pending,,
R023,settings/about.tsx,media,"Camera, library, files and audio",pending,,
R023,settings/about.tsx,lifecycle,"Cold/warm start, blur, background and deep link",pending,,
R024,settings/account.tsx,task,Task clarity and platform-pattern fit,pending,,
R024,settings/account.tsx,navigation,"Navigation, hierarchy and return",pending,,
R024,settings/account.tsx,selection,Value selection and current value,pending,,
R024,settings/account.tsx,modality,Presentation and dismissal,pending,,
R024,settings/account.tsx,layout,"Safe areas, scroll edges and overlays",pending,,
R024,settings/account.tsx,adaptation,Phone/tablet/window reflow,pending,,
R024,settings/account.tsx,typography,"Dynamic Type, wrapping and legibility",pending,,
R024,settings/account.tsx,appearance,"Light/dark, contrast and materials",pending,,
R024,settings/account.tsx,localization,"Locale, timezone, RTL and long strings",pending,,
R024,settings/account.tsx,imagery,"Icons, photos and missing media",pending,,
R024,settings/account.tsx,targets,Touch target size and reachability,pending,,
R024,settings/account.tsx,gestures,Gestures and explicit alternatives,pending,,
R024,settings/account.tsx,keyboard,"Keyboard, text entry and focus",pending,,
R024,settings/account.tsx,accessibility,"VoiceOver/TalkBack names, roles, states and order",pending,,
R024,settings/account.tsx,motion,Reduced motion and feedback alternatives,pending,,
R024,settings/account.tsx,content,"Lists, hierarchy, density and pagination",pending,,
R024,settings/account.tsx,search,"Search, scope and filters",pending,,
R024,settings/account.tsx,loading,"Loading, background refresh and progress",pending,,
R024,settings/account.tsx,recovery,"Empty, error, denied and retry",pending,,
R024,settings/account.tsx,editing,"Draft, save, cancel, undo and interruption",pending,,
R024,settings/account.tsx,privacy,"Account scope, data use and permissions",pending,,
R024,settings/account.tsx,notifications,System notification entry and state,pending,,
R024,settings/account.tsx,media,"Camera, library, files and audio",pending,,
R024,settings/account.tsx,lifecycle,"Cold/warm start, blur, background and deep link",pending,,
R025,settings/appearance.tsx,task,Task clarity and platform-pattern fit,pending,,
R025,settings/appearance.tsx,navigation,"Navigation, hierarchy and return",pending,,
R025,settings/appearance.tsx,selection,Value selection and current value,pending,,
R025,settings/appearance.tsx,modality,Presentation and dismissal,pending,,
R025,settings/appearance.tsx,layout,"Safe areas, scroll edges and overlays",pending,,
R025,settings/appearance.tsx,adaptation,Phone/tablet/window reflow,pending,,
R025,settings/appearance.tsx,typography,"Dynamic Type, wrapping and legibility",pending,,
R025,settings/appearance.tsx,appearance,"Light/dark, contrast and materials",pending,,
R025,settings/appearance.tsx,localization,"Locale, timezone, RTL and long strings",pending,,
R025,settings/appearance.tsx,imagery,"Icons, photos and missing media",pending,,
R025,settings/appearance.tsx,targets,Touch target size and reachability,pending,,
R025,settings/appearance.tsx,gestures,Gestures and explicit alternatives,pending,,
R025,settings/appearance.tsx,keyboard,"Keyboard, text entry and focus",pending,,
R025,settings/appearance.tsx,accessibility,"VoiceOver/TalkBack names, roles, states and order",pending,,
R025,settings/appearance.tsx,motion,Reduced motion and feedback alternatives,pending,,
R025,settings/appearance.tsx,content,"Lists, hierarchy, density and pagination",pending,,
R025,settings/appearance.tsx,search,"Search, scope and filters",pending,,
R025,settings/appearance.tsx,loading,"Loading, background refresh and progress",pending,,
R025,settings/appearance.tsx,recovery,"Empty, error, denied and retry",pending,,
R025,settings/appearance.tsx,editing,"Draft, save, cancel, undo and interruption",pending,,
R025,settings/appearance.tsx,privacy,"Account scope, data use and permissions",pending,,
R025,settings/appearance.tsx,notifications,System notification entry and state,pending,,
R025,settings/appearance.tsx,media,"Camera, library, files and audio",pending,,
R025,settings/appearance.tsx,lifecycle,"Cold/warm start, blur, background and deep link",pending,,
R026,settings/connection.tsx,task,Task clarity and platform-pattern fit,pending,,
R026,settings/connection.tsx,navigation,"Navigation, hierarchy and return",pending,,
R026,settings/connection.tsx,selection,Value selection and current value,pending,,
R026,settings/connection.tsx,modality,Presentation and dismissal,pending,,
R026,settings/connection.tsx,layout,"Safe areas, scroll edges and overlays",pending,,
R026,settings/connection.tsx,adaptation,Phone/tablet/window reflow,pending,,
R026,settings/connection.tsx,typography,"Dynamic Type, wrapping and legibility",pending,,
R026,settings/connection.tsx,appearance,"Light/dark, contrast and materials",pending,,
R026,settings/connection.tsx,localization,"Locale, timezone, RTL and long strings",pending,,
R026,settings/connection.tsx,imagery,"Icons, photos and missing media",pending,,
R026,settings/connection.tsx,targets,Touch target size and reachability,pending,,
R026,settings/connection.tsx,gestures,Gestures and explicit alternatives,pending,,
R026,settings/connection.tsx,keyboard,"Keyboard, text entry and focus",pending,,
R026,settings/connection.tsx,accessibility,"VoiceOver/TalkBack names, roles, states and order",pending,,
R026,settings/connection.tsx,motion,Reduced motion and feedback alternatives,pending,,
R026,settings/connection.tsx,content,"Lists, hierarchy, density and pagination",pending,,
R026,settings/connection.tsx,search,"Search, scope and filters",pending,,
R026,settings/connection.tsx,loading,"Loading, background refresh and progress",pending,,
R026,settings/connection.tsx,recovery,"Empty, error, denied and retry",pending,,
R026,settings/connection.tsx,editing,"Draft, save, cancel, undo and interruption",pending,,
R026,settings/connection.tsx,privacy,"Account scope, data use and permissions",pending,,
R026,settings/connection.tsx,notifications,System notification entry and state,pending,,
R026,settings/connection.tsx,media,"Camera, library, files and audio",pending,,
R026,settings/connection.tsx,lifecycle,"Cold/warm start, blur, background and deep link",pending,,
R027,settings/diagnostics.tsx,task,Task clarity and platform-pattern fit,pending,,
R027,settings/diagnostics.tsx,navigation,"Navigation, hierarchy and return",pending,,
R027,settings/diagnostics.tsx,selection,Value selection and current value,pending,,
R027,settings/diagnostics.tsx,modality,Presentation and dismissal,pending,,
R027,settings/diagnostics.tsx,layout,"Safe areas, scroll edges and overlays",pending,,
R027,settings/diagnostics.tsx,adaptation,Phone/tablet/window reflow,pending,,
R027,settings/diagnostics.tsx,typography,"Dynamic Type, wrapping and legibility",pending,,
R027,settings/diagnostics.tsx,appearance,"Light/dark, contrast and materials",pending,,
R027,settings/diagnostics.tsx,localization,"Locale, timezone, RTL and long strings",pending,,
R027,settings/diagnostics.tsx,imagery,"Icons, photos and missing media",pending,,
R027,settings/diagnostics.tsx,targets,Touch target size and reachability,pending,,
R027,settings/diagnostics.tsx,gestures,Gestures and explicit alternatives,pending,,
R027,settings/diagnostics.tsx,keyboard,"Keyboard, text entry and focus",pending,,
R027,settings/diagnostics.tsx,accessibility,"VoiceOver/TalkBack names, roles, states and order",pending,,
R027,settings/diagnostics.tsx,motion,Reduced motion and feedback alternatives,pending,,
R027,settings/diagnostics.tsx,content,"Lists, hierarchy, density and pagination",pending,,
R027,settings/diagnostics.tsx,search,"Search, scope and filters",pending,,
R027,settings/diagnostics.tsx,loading,"Loading, background refresh and progress",pending,,
R027,settings/diagnostics.tsx,recovery,"Empty, error, denied and retry",pending,,
R027,settings/diagnostics.tsx,editing,"Draft, save, cancel, undo and interruption",pending,,
R027,settings/diagnostics.tsx,privacy,"Account scope, data use and permissions",pending,,
R027,settings/diagnostics.tsx,notifications,System notification entry and state,pending,,
R027,settings/diagnostics.tsx,media,"Camera, library, files and audio",pending,,
R027,settings/diagnostics.tsx,lifecycle,"Cold/warm start, blur, background and deep link",pending,,
R028,settings/household/asset-types/[resourceId].tsx,task,Task clarity and platform-pattern fit,pending,,
R028,settings/household/asset-types/[resourceId].tsx,navigation,"Navigation, hierarchy and return",pending,,
R028,settings/household/asset-types/[resourceId].tsx,selection,Value selection and current value,pending,,
R028,settings/household/asset-types/[resourceId].tsx,modality,Presentation and dismissal,pending,,
R028,settings/household/asset-types/[resourceId].tsx,layout,"Safe areas, scroll edges and overlays",pending,,
R028,settings/household/asset-types/[resourceId].tsx,adaptation,Phone/tablet/window reflow,pending,,
R028,settings/household/asset-types/[resourceId].tsx,typography,"Dynamic Type, wrapping and legibility",pending,,
R028,settings/household/asset-types/[resourceId].tsx,appearance,"Light/dark, contrast and materials",pending,,
R028,settings/household/asset-types/[resourceId].tsx,localization,"Locale, timezone, RTL and long strings",pending,,
R028,settings/household/asset-types/[resourceId].tsx,imagery,"Icons, photos and missing media",pending,,
R028,settings/household/asset-types/[resourceId].tsx,targets,Touch target size and reachability,pending,,
R028,settings/household/asset-types/[resourceId].tsx,gestures,Gestures and explicit alternatives,pending,,
R028,settings/household/asset-types/[resourceId].tsx,keyboard,"Keyboard, text entry and focus",pending,,
R028,settings/household/asset-types/[resourceId].tsx,accessibility,"VoiceOver/TalkBack names, roles, states and order",pending,,
R028,settings/household/asset-types/[resourceId].tsx,motion,Reduced motion and feedback alternatives,pending,,
R028,settings/household/asset-types/[resourceId].tsx,content,"Lists, hierarchy, density and pagination",pending,,
R028,settings/household/asset-types/[resourceId].tsx,search,"Search, scope and filters",pending,,
R028,settings/household/asset-types/[resourceId].tsx,loading,"Loading, background refresh and progress",pending,,
R028,settings/household/asset-types/[resourceId].tsx,recovery,"Empty, error, denied and retry",pending,,
R028,settings/household/asset-types/[resourceId].tsx,editing,"Draft, save, cancel, undo and interruption",pending,,
R028,settings/household/asset-types/[resourceId].tsx,privacy,"Account scope, data use and permissions",pending,,
R028,settings/household/asset-types/[resourceId].tsx,notifications,System notification entry and state,pending,,
R028,settings/household/asset-types/[resourceId].tsx,media,"Camera, library, files and audio",pending,,
R028,settings/household/asset-types/[resourceId].tsx,lifecycle,"Cold/warm start, blur, background and deep link",pending,,
R029,settings/household/asset-types/index.tsx,task,Task clarity and platform-pattern fit,pending,,
R029,settings/household/asset-types/index.tsx,navigation,"Navigation, hierarchy and return",pending,,
R029,settings/household/asset-types/index.tsx,selection,Value selection and current value,pending,,
R029,settings/household/asset-types/index.tsx,modality,Presentation and dismissal,pending,,
R029,settings/household/asset-types/index.tsx,layout,"Safe areas, scroll edges and overlays",pending,,
R029,settings/household/asset-types/index.tsx,adaptation,Phone/tablet/window reflow,pending,,
R029,settings/household/asset-types/index.tsx,typography,"Dynamic Type, wrapping and legibility",pending,,
R029,settings/household/asset-types/index.tsx,appearance,"Light/dark, contrast and materials",pending,,
R029,settings/household/asset-types/index.tsx,localization,"Locale, timezone, RTL and long strings",pending,,
R029,settings/household/asset-types/index.tsx,imagery,"Icons, photos and missing media",pending,,
R029,settings/household/asset-types/index.tsx,targets,Touch target size and reachability,pending,,
R029,settings/household/asset-types/index.tsx,gestures,Gestures and explicit alternatives,pending,,
R029,settings/household/asset-types/index.tsx,keyboard,"Keyboard, text entry and focus",pending,,
R029,settings/household/asset-types/index.tsx,accessibility,"VoiceOver/TalkBack names, roles, states and order",pending,,
R029,settings/household/asset-types/index.tsx,motion,Reduced motion and feedback alternatives,pending,,
R029,settings/household/asset-types/index.tsx,content,"Lists, hierarchy, density and pagination",pending,,
R029,settings/household/asset-types/index.tsx,search,"Search, scope and filters",pending,,
R029,settings/household/asset-types/index.tsx,loading,"Loading, background refresh and progress",source-reviewed,Refresh owners inspected and migrated to usePullRefresh; blur/generation/duplicate tests plus real query-cache and inbox regression; underlying errors retained. Native scroll presentation pending.,M05
R029,settings/household/asset-types/index.tsx,recovery,"Empty, error, denied and retry",pending,,
R029,settings/household/asset-types/index.tsx,editing,"Draft, save, cancel, undo and interruption",pending,,
R029,settings/household/asset-types/index.tsx,privacy,"Account scope, data use and permissions",pending,,
R029,settings/household/asset-types/index.tsx,notifications,System notification entry and state,pending,,
R029,settings/household/asset-types/index.tsx,media,"Camera, library, files and audio",pending,,
R029,settings/household/asset-types/index.tsx,lifecycle,"Cold/warm start, blur, background and deep link",source-reviewed,Refresh owners inspected and migrated to usePullRefresh; blur/generation/duplicate tests plus real query-cache and inbox regression; underlying errors retained. Native scroll presentation pending.,M05
R030,settings/household/asset-types/new.tsx,task,Task clarity and platform-pattern fit,pending,,
R030,settings/household/asset-types/new.tsx,navigation,"Navigation, hierarchy and return",pending,,
R030,settings/household/asset-types/new.tsx,selection,Value selection and current value,pending,,
R030,settings/household/asset-types/new.tsx,modality,Presentation and dismissal,pending,,
R030,settings/household/asset-types/new.tsx,layout,"Safe areas, scroll edges and overlays",pending,,
R030,settings/household/asset-types/new.tsx,adaptation,Phone/tablet/window reflow,pending,,
R030,settings/household/asset-types/new.tsx,typography,"Dynamic Type, wrapping and legibility",pending,,
R030,settings/household/asset-types/new.tsx,appearance,"Light/dark, contrast and materials",pending,,
R030,settings/household/asset-types/new.tsx,localization,"Locale, timezone, RTL and long strings",pending,,
R030,settings/household/asset-types/new.tsx,imagery,"Icons, photos and missing media",pending,,
R030,settings/household/asset-types/new.tsx,targets,Touch target size and reachability,pending,,
R030,settings/household/asset-types/new.tsx,gestures,Gestures and explicit alternatives,pending,,
R030,settings/household/asset-types/new.tsx,keyboard,"Keyboard, text entry and focus",pending,,
R030,settings/household/asset-types/new.tsx,accessibility,"VoiceOver/TalkBack names, roles, states and order",pending,,
R030,settings/household/asset-types/new.tsx,motion,Reduced motion and feedback alternatives,pending,,
R030,settings/household/asset-types/new.tsx,content,"Lists, hierarchy, density and pagination",pending,,
R030,settings/household/asset-types/new.tsx,search,"Search, scope and filters",pending,,
R030,settings/household/asset-types/new.tsx,loading,"Loading, background refresh and progress",pending,,
R030,settings/household/asset-types/new.tsx,recovery,"Empty, error, denied and retry",pending,,
R030,settings/household/asset-types/new.tsx,editing,"Draft, save, cancel, undo and interruption",pending,,
R030,settings/household/asset-types/new.tsx,privacy,"Account scope, data use and permissions",pending,,
R030,settings/household/asset-types/new.tsx,notifications,System notification entry and state,pending,,
R030,settings/household/asset-types/new.tsx,media,"Camera, library, files and audio",pending,,
R030,settings/household/asset-types/new.tsx,lifecycle,"Cold/warm start, blur, background and deep link",pending,,
R031,settings/household/fields/[resourceId].tsx,task,Task clarity and platform-pattern fit,pending,,
R031,settings/household/fields/[resourceId].tsx,navigation,"Navigation, hierarchy and return",pending,,
R031,settings/household/fields/[resourceId].tsx,selection,Value selection and current value,pending,,
R031,settings/household/fields/[resourceId].tsx,modality,Presentation and dismissal,pending,,
R031,settings/household/fields/[resourceId].tsx,layout,"Safe areas, scroll edges and overlays",pending,,
R031,settings/household/fields/[resourceId].tsx,adaptation,Phone/tablet/window reflow,pending,,
R031,settings/household/fields/[resourceId].tsx,typography,"Dynamic Type, wrapping and legibility",pending,,
R031,settings/household/fields/[resourceId].tsx,appearance,"Light/dark, contrast and materials",pending,,
R031,settings/household/fields/[resourceId].tsx,localization,"Locale, timezone, RTL and long strings",pending,,
R031,settings/household/fields/[resourceId].tsx,imagery,"Icons, photos and missing media",pending,,
R031,settings/household/fields/[resourceId].tsx,targets,Touch target size and reachability,pending,,
R031,settings/household/fields/[resourceId].tsx,gestures,Gestures and explicit alternatives,pending,,
R031,settings/household/fields/[resourceId].tsx,keyboard,"Keyboard, text entry and focus",pending,,
R031,settings/household/fields/[resourceId].tsx,accessibility,"VoiceOver/TalkBack names, roles, states and order",pending,,
R031,settings/household/fields/[resourceId].tsx,motion,Reduced motion and feedback alternatives,pending,,
R031,settings/household/fields/[resourceId].tsx,content,"Lists, hierarchy, density and pagination",pending,,
R031,settings/household/fields/[resourceId].tsx,search,"Search, scope and filters",pending,,
R031,settings/household/fields/[resourceId].tsx,loading,"Loading, background refresh and progress",pending,,
R031,settings/household/fields/[resourceId].tsx,recovery,"Empty, error, denied and retry",pending,,
R031,settings/household/fields/[resourceId].tsx,editing,"Draft, save, cancel, undo and interruption",pending,,
R031,settings/household/fields/[resourceId].tsx,privacy,"Account scope, data use and permissions",pending,,
R031,settings/household/fields/[resourceId].tsx,notifications,System notification entry and state,pending,,
R031,settings/household/fields/[resourceId].tsx,media,"Camera, library, files and audio",pending,,
R031,settings/household/fields/[resourceId].tsx,lifecycle,"Cold/warm start, blur, background and deep link",pending,,
R032,settings/household/fields/index.tsx,task,Task clarity and platform-pattern fit,pending,,
R032,settings/household/fields/index.tsx,navigation,"Navigation, hierarchy and return",pending,,
R032,settings/household/fields/index.tsx,selection,Value selection and current value,pending,,
R032,settings/household/fields/index.tsx,modality,Presentation and dismissal,pending,,
R032,settings/household/fields/index.tsx,layout,"Safe areas, scroll edges and overlays",pending,,
R032,settings/household/fields/index.tsx,adaptation,Phone/tablet/window reflow,pending,,
R032,settings/household/fields/index.tsx,typography,"Dynamic Type, wrapping and legibility",pending,,
R032,settings/household/fields/index.tsx,appearance,"Light/dark, contrast and materials",pending,,
R032,settings/household/fields/index.tsx,localization,"Locale, timezone, RTL and long strings",pending,,
R032,settings/household/fields/index.tsx,imagery,"Icons, photos and missing media",pending,,
R032,settings/household/fields/index.tsx,targets,Touch target size and reachability,pending,,
R032,settings/household/fields/index.tsx,gestures,Gestures and explicit alternatives,pending,,
R032,settings/household/fields/index.tsx,keyboard,"Keyboard, text entry and focus",pending,,
R032,settings/household/fields/index.tsx,accessibility,"VoiceOver/TalkBack names, roles, states and order",pending,,
R032,settings/household/fields/index.tsx,motion,Reduced motion and feedback alternatives,pending,,
R032,settings/household/fields/index.tsx,content,"Lists, hierarchy, density and pagination",pending,,
R032,settings/household/fields/index.tsx,search,"Search, scope and filters",pending,,
R032,settings/household/fields/index.tsx,loading,"Loading, background refresh and progress",source-reviewed,Refresh owners inspected and migrated to usePullRefresh; blur/generation/duplicate tests plus real query-cache and inbox regression; underlying errors retained. Native scroll presentation pending.,M05
R032,settings/household/fields/index.tsx,recovery,"Empty, error, denied and retry",pending,,
R032,settings/household/fields/index.tsx,editing,"Draft, save, cancel, undo and interruption",pending,,
R032,settings/household/fields/index.tsx,privacy,"Account scope, data use and permissions",pending,,
R032,settings/household/fields/index.tsx,notifications,System notification entry and state,pending,,
R032,settings/household/fields/index.tsx,media,"Camera, library, files and audio",pending,,
R032,settings/household/fields/index.tsx,lifecycle,"Cold/warm start, blur, background and deep link",source-reviewed,Refresh owners inspected and migrated to usePullRefresh; blur/generation/duplicate tests plus real query-cache and inbox regression; underlying errors retained. Native scroll presentation pending.,M05
R033,settings/household/fields/new.tsx,task,Task clarity and platform-pattern fit,pending,,
R033,settings/household/fields/new.tsx,navigation,"Navigation, hierarchy and return",pending,,
R033,settings/household/fields/new.tsx,selection,Value selection and current value,pending,,
R033,settings/household/fields/new.tsx,modality,Presentation and dismissal,pending,,
R033,settings/household/fields/new.tsx,layout,"Safe areas, scroll edges and overlays",pending,,
R033,settings/household/fields/new.tsx,adaptation,Phone/tablet/window reflow,pending,,
R033,settings/household/fields/new.tsx,typography,"Dynamic Type, wrapping and legibility",pending,,
R033,settings/household/fields/new.tsx,appearance,"Light/dark, contrast and materials",pending,,
R033,settings/household/fields/new.tsx,localization,"Locale, timezone, RTL and long strings",pending,,
R033,settings/household/fields/new.tsx,imagery,"Icons, photos and missing media",pending,,
R033,settings/household/fields/new.tsx,targets,Touch target size and reachability,pending,,
R033,settings/household/fields/new.tsx,gestures,Gestures and explicit alternatives,pending,,
R033,settings/household/fields/new.tsx,keyboard,"Keyboard, text entry and focus",pending,,
R033,settings/household/fields/new.tsx,accessibility,"VoiceOver/TalkBack names, roles, states and order",pending,,
R033,settings/household/fields/new.tsx,motion,Reduced motion and feedback alternatives,pending,,
R033,settings/household/fields/new.tsx,content,"Lists, hierarchy, density and pagination",pending,,
R033,settings/household/fields/new.tsx,search,"Search, scope and filters",pending,,
R033,settings/household/fields/new.tsx,loading,"Loading, background refresh and progress",pending,,
R033,settings/household/fields/new.tsx,recovery,"Empty, error, denied and retry",pending,,
R033,settings/household/fields/new.tsx,editing,"Draft, save, cancel, undo and interruption",pending,,
R033,settings/household/fields/new.tsx,privacy,"Account scope, data use and permissions",pending,,
R033,settings/household/fields/new.tsx,notifications,System notification entry and state,pending,,
R033,settings/household/fields/new.tsx,media,"Camera, library, files and audio",pending,,
R033,settings/household/fields/new.tsx,lifecycle,"Cold/warm start, blur, background and deep link",pending,,
R034,settings/household/index.tsx,task,Task clarity and platform-pattern fit,pending,,
R034,settings/household/index.tsx,navigation,"Navigation, hierarchy and return",pending,,
R034,settings/household/index.tsx,selection,Value selection and current value,pending,,
R034,settings/household/index.tsx,modality,Presentation and dismissal,pending,,
R034,settings/household/index.tsx,layout,"Safe areas, scroll edges and overlays",pending,,
R034,settings/household/index.tsx,adaptation,Phone/tablet/window reflow,pending,,
R034,settings/household/index.tsx,typography,"Dynamic Type, wrapping and legibility",pending,,
R034,settings/household/index.tsx,appearance,"Light/dark, contrast and materials",pending,,
R034,settings/household/index.tsx,localization,"Locale, timezone, RTL and long strings",pending,,
R034,settings/household/index.tsx,imagery,"Icons, photos and missing media",pending,,
R034,settings/household/index.tsx,targets,Touch target size and reachability,pending,,
R034,settings/household/index.tsx,gestures,Gestures and explicit alternatives,pending,,
R034,settings/household/index.tsx,keyboard,"Keyboard, text entry and focus",pending,,
R034,settings/household/index.tsx,accessibility,"VoiceOver/TalkBack names, roles, states and order",pending,,
R034,settings/household/index.tsx,motion,Reduced motion and feedback alternatives,pending,,
R034,settings/household/index.tsx,content,"Lists, hierarchy, density and pagination",pending,,
R034,settings/household/index.tsx,search,"Search, scope and filters",pending,,
R034,settings/household/index.tsx,loading,"Loading, background refresh and progress",pending,,
R034,settings/household/index.tsx,recovery,"Empty, error, denied and retry",pending,,
R034,settings/household/index.tsx,editing,"Draft, save, cancel, undo and interruption",pending,,
R034,settings/household/index.tsx,privacy,"Account scope, data use and permissions",pending,,
R034,settings/household/index.tsx,notifications,System notification entry and state,pending,,
R034,settings/household/index.tsx,media,"Camera, library, files and audio",pending,,
R034,settings/household/index.tsx,lifecycle,"Cold/warm start, blur, background and deep link",pending,,
R035,settings/index.tsx,task,Task clarity and platform-pattern fit,pending,,
R035,settings/index.tsx,navigation,"Navigation, hierarchy and return",pending,,
R035,settings/index.tsx,selection,Value selection and current value,pending,,
R035,settings/index.tsx,modality,Presentation and dismissal,pending,,
R035,settings/index.tsx,layout,"Safe areas, scroll edges and overlays",pending,,
R035,settings/index.tsx,adaptation,Phone/tablet/window reflow,pending,,
R035,settings/index.tsx,typography,"Dynamic Type, wrapping and legibility",pending,,
R035,settings/index.tsx,appearance,"Light/dark, contrast and materials",pending,,
R035,settings/index.tsx,localization,"Locale, timezone, RTL and long strings",pending,,
R035,settings/index.tsx,imagery,"Icons, photos and missing media",pending,,
R035,settings/index.tsx,targets,Touch target size and reachability,pending,,
R035,settings/index.tsx,gestures,Gestures and explicit alternatives,pending,,
R035,settings/index.tsx,keyboard,"Keyboard, text entry and focus",pending,,
R035,settings/index.tsx,accessibility,"VoiceOver/TalkBack names, roles, states and order",pending,,
R035,settings/index.tsx,motion,Reduced motion and feedback alternatives,pending,,
R035,settings/index.tsx,content,"Lists, hierarchy, density and pagination",pending,,
R035,settings/index.tsx,search,"Search, scope and filters",pending,,
R035,settings/index.tsx,loading,"Loading, background refresh and progress",pending,,
R035,settings/index.tsx,recovery,"Empty, error, denied and retry",pending,,
R035,settings/index.tsx,editing,"Draft, save, cancel, undo and interruption",pending,,
R035,settings/index.tsx,privacy,"Account scope, data use and permissions",pending,,
R035,settings/index.tsx,notifications,System notification entry and state,pending,,
R035,settings/index.tsx,media,"Camera, library, files and audio",pending,,
R035,settings/index.tsx,lifecycle,"Cold/warm start, blur, background and deep link",pending,,
R036,settings/inventory/asset-types/[resourceId].tsx,task,Task clarity and platform-pattern fit,pending,,
R036,settings/inventory/asset-types/[resourceId].tsx,navigation,"Navigation, hierarchy and return",pending,,
R036,settings/inventory/asset-types/[resourceId].tsx,selection,Value selection and current value,pending,,
R036,settings/inventory/asset-types/[resourceId].tsx,modality,Presentation and dismissal,pending,,
R036,settings/inventory/asset-types/[resourceId].tsx,layout,"Safe areas, scroll edges and overlays",pending,,
R036,settings/inventory/asset-types/[resourceId].tsx,adaptation,Phone/tablet/window reflow,pending,,
R036,settings/inventory/asset-types/[resourceId].tsx,typography,"Dynamic Type, wrapping and legibility",pending,,
R036,settings/inventory/asset-types/[resourceId].tsx,appearance,"Light/dark, contrast and materials",pending,,
R036,settings/inventory/asset-types/[resourceId].tsx,localization,"Locale, timezone, RTL and long strings",pending,,
R036,settings/inventory/asset-types/[resourceId].tsx,imagery,"Icons, photos and missing media",pending,,
R036,settings/inventory/asset-types/[resourceId].tsx,targets,Touch target size and reachability,pending,,
R036,settings/inventory/asset-types/[resourceId].tsx,gestures,Gestures and explicit alternatives,pending,,
R036,settings/inventory/asset-types/[resourceId].tsx,keyboard,"Keyboard, text entry and focus",pending,,
R036,settings/inventory/asset-types/[resourceId].tsx,accessibility,"VoiceOver/TalkBack names, roles, states and order",pending,,
R036,settings/inventory/asset-types/[resourceId].tsx,motion,Reduced motion and feedback alternatives,pending,,
R036,settings/inventory/asset-types/[resourceId].tsx,content,"Lists, hierarchy, density and pagination",pending,,
R036,settings/inventory/asset-types/[resourceId].tsx,search,"Search, scope and filters",pending,,
R036,settings/inventory/asset-types/[resourceId].tsx,loading,"Loading, background refresh and progress",pending,,
R036,settings/inventory/asset-types/[resourceId].tsx,recovery,"Empty, error, denied and retry",pending,,
R036,settings/inventory/asset-types/[resourceId].tsx,editing,"Draft, save, cancel, undo and interruption",pending,,
R036,settings/inventory/asset-types/[resourceId].tsx,privacy,"Account scope, data use and permissions",pending,,
R036,settings/inventory/asset-types/[resourceId].tsx,notifications,System notification entry and state,pending,,
R036,settings/inventory/asset-types/[resourceId].tsx,media,"Camera, library, files and audio",pending,,
R036,settings/inventory/asset-types/[resourceId].tsx,lifecycle,"Cold/warm start, blur, background and deep link",pending,,
R037,settings/inventory/asset-types/index.tsx,task,Task clarity and platform-pattern fit,pending,,
R037,settings/inventory/asset-types/index.tsx,navigation,"Navigation, hierarchy and return",pending,,
R037,settings/inventory/asset-types/index.tsx,selection,Value selection and current value,pending,,
R037,settings/inventory/asset-types/index.tsx,modality,Presentation and dismissal,pending,,
R037,settings/inventory/asset-types/index.tsx,layout,"Safe areas, scroll edges and overlays",pending,,
R037,settings/inventory/asset-types/index.tsx,adaptation,Phone/tablet/window reflow,pending,,
R037,settings/inventory/asset-types/index.tsx,typography,"Dynamic Type, wrapping and legibility",pending,,
R037,settings/inventory/asset-types/index.tsx,appearance,"Light/dark, contrast and materials",pending,,
R037,settings/inventory/asset-types/index.tsx,localization,"Locale, timezone, RTL and long strings",pending,,
R037,settings/inventory/asset-types/index.tsx,imagery,"Icons, photos and missing media",pending,,
R037,settings/inventory/asset-types/index.tsx,targets,Touch target size and reachability,pending,,
R037,settings/inventory/asset-types/index.tsx,gestures,Gestures and explicit alternatives,pending,,
R037,settings/inventory/asset-types/index.tsx,keyboard,"Keyboard, text entry and focus",pending,,
R037,settings/inventory/asset-types/index.tsx,accessibility,"VoiceOver/TalkBack names, roles, states and order",pending,,
R037,settings/inventory/asset-types/index.tsx,motion,Reduced motion and feedback alternatives,pending,,
R037,settings/inventory/asset-types/index.tsx,content,"Lists, hierarchy, density and pagination",pending,,
R037,settings/inventory/asset-types/index.tsx,search,"Search, scope and filters",pending,,
R037,settings/inventory/asset-types/index.tsx,loading,"Loading, background refresh and progress",source-reviewed,Refresh owners inspected and migrated to usePullRefresh; blur/generation/duplicate tests plus real query-cache and inbox regression; underlying errors retained. Native scroll presentation pending.,M05
R037,settings/inventory/asset-types/index.tsx,recovery,"Empty, error, denied and retry",pending,,
R037,settings/inventory/asset-types/index.tsx,editing,"Draft, save, cancel, undo and interruption",pending,,
R037,settings/inventory/asset-types/index.tsx,privacy,"Account scope, data use and permissions",pending,,
R037,settings/inventory/asset-types/index.tsx,notifications,System notification entry and state,pending,,
R037,settings/inventory/asset-types/index.tsx,media,"Camera, library, files and audio",pending,,
R037,settings/inventory/asset-types/index.tsx,lifecycle,"Cold/warm start, blur, background and deep link",source-reviewed,Refresh owners inspected and migrated to usePullRefresh; blur/generation/duplicate tests plus real query-cache and inbox regression; underlying errors retained. Native scroll presentation pending.,M05
R038,settings/inventory/asset-types/new.tsx,task,Task clarity and platform-pattern fit,pending,,
R038,settings/inventory/asset-types/new.tsx,navigation,"Navigation, hierarchy and return",pending,,
R038,settings/inventory/asset-types/new.tsx,selection,Value selection and current value,pending,,
R038,settings/inventory/asset-types/new.tsx,modality,Presentation and dismissal,pending,,
R038,settings/inventory/asset-types/new.tsx,layout,"Safe areas, scroll edges and overlays",pending,,
R038,settings/inventory/asset-types/new.tsx,adaptation,Phone/tablet/window reflow,pending,,
R038,settings/inventory/asset-types/new.tsx,typography,"Dynamic Type, wrapping and legibility",pending,,
R038,settings/inventory/asset-types/new.tsx,appearance,"Light/dark, contrast and materials",pending,,
R038,settings/inventory/asset-types/new.tsx,localization,"Locale, timezone, RTL and long strings",pending,,
R038,settings/inventory/asset-types/new.tsx,imagery,"Icons, photos and missing media",pending,,
R038,settings/inventory/asset-types/new.tsx,targets,Touch target size and reachability,pending,,
R038,settings/inventory/asset-types/new.tsx,gestures,Gestures and explicit alternatives,pending,,
R038,settings/inventory/asset-types/new.tsx,keyboard,"Keyboard, text entry and focus",pending,,
R038,settings/inventory/asset-types/new.tsx,accessibility,"VoiceOver/TalkBack names, roles, states and order",pending,,
R038,settings/inventory/asset-types/new.tsx,motion,Reduced motion and feedback alternatives,pending,,
R038,settings/inventory/asset-types/new.tsx,content,"Lists, hierarchy, density and pagination",pending,,
R038,settings/inventory/asset-types/new.tsx,search,"Search, scope and filters",pending,,
R038,settings/inventory/asset-types/new.tsx,loading,"Loading, background refresh and progress",pending,,
R038,settings/inventory/asset-types/new.tsx,recovery,"Empty, error, denied and retry",pending,,
R038,settings/inventory/asset-types/new.tsx,editing,"Draft, save, cancel, undo and interruption",pending,,
R038,settings/inventory/asset-types/new.tsx,privacy,"Account scope, data use and permissions",pending,,
R038,settings/inventory/asset-types/new.tsx,notifications,System notification entry and state,pending,,
R038,settings/inventory/asset-types/new.tsx,media,"Camera, library, files and audio",pending,,
R038,settings/inventory/asset-types/new.tsx,lifecycle,"Cold/warm start, blur, background and deep link",pending,,
R039,settings/inventory/fields/[resourceId].tsx,task,Task clarity and platform-pattern fit,pending,,
R039,settings/inventory/fields/[resourceId].tsx,navigation,"Navigation, hierarchy and return",pending,,
R039,settings/inventory/fields/[resourceId].tsx,selection,Value selection and current value,pending,,
R039,settings/inventory/fields/[resourceId].tsx,modality,Presentation and dismissal,pending,,
R039,settings/inventory/fields/[resourceId].tsx,layout,"Safe areas, scroll edges and overlays",pending,,
R039,settings/inventory/fields/[resourceId].tsx,adaptation,Phone/tablet/window reflow,pending,,
R039,settings/inventory/fields/[resourceId].tsx,typography,"Dynamic Type, wrapping and legibility",pending,,
R039,settings/inventory/fields/[resourceId].tsx,appearance,"Light/dark, contrast and materials",pending,,
R039,settings/inventory/fields/[resourceId].tsx,localization,"Locale, timezone, RTL and long strings",pending,,
R039,settings/inventory/fields/[resourceId].tsx,imagery,"Icons, photos and missing media",pending,,
R039,settings/inventory/fields/[resourceId].tsx,targets,Touch target size and reachability,pending,,
R039,settings/inventory/fields/[resourceId].tsx,gestures,Gestures and explicit alternatives,pending,,
R039,settings/inventory/fields/[resourceId].tsx,keyboard,"Keyboard, text entry and focus",pending,,
R039,settings/inventory/fields/[resourceId].tsx,accessibility,"VoiceOver/TalkBack names, roles, states and order",pending,,
R039,settings/inventory/fields/[resourceId].tsx,motion,Reduced motion and feedback alternatives,pending,,
R039,settings/inventory/fields/[resourceId].tsx,content,"Lists, hierarchy, density and pagination",pending,,
R039,settings/inventory/fields/[resourceId].tsx,search,"Search, scope and filters",pending,,
R039,settings/inventory/fields/[resourceId].tsx,loading,"Loading, background refresh and progress",pending,,
R039,settings/inventory/fields/[resourceId].tsx,recovery,"Empty, error, denied and retry",pending,,
R039,settings/inventory/fields/[resourceId].tsx,editing,"Draft, save, cancel, undo and interruption",pending,,
R039,settings/inventory/fields/[resourceId].tsx,privacy,"Account scope, data use and permissions",pending,,
R039,settings/inventory/fields/[resourceId].tsx,notifications,System notification entry and state,pending,,
R039,settings/inventory/fields/[resourceId].tsx,media,"Camera, library, files and audio",pending,,
R039,settings/inventory/fields/[resourceId].tsx,lifecycle,"Cold/warm start, blur, background and deep link",pending,,
R040,settings/inventory/fields/index.tsx,task,Task clarity and platform-pattern fit,pending,,
R040,settings/inventory/fields/index.tsx,navigation,"Navigation, hierarchy and return",pending,,
R040,settings/inventory/fields/index.tsx,selection,Value selection and current value,pending,,
R040,settings/inventory/fields/index.tsx,modality,Presentation and dismissal,pending,,
R040,settings/inventory/fields/index.tsx,layout,"Safe areas, scroll edges and overlays",pending,,
R040,settings/inventory/fields/index.tsx,adaptation,Phone/tablet/window reflow,pending,,
R040,settings/inventory/fields/index.tsx,typography,"Dynamic Type, wrapping and legibility",pending,,
R040,settings/inventory/fields/index.tsx,appearance,"Light/dark, contrast and materials",pending,,
R040,settings/inventory/fields/index.tsx,localization,"Locale, timezone, RTL and long strings",pending,,
R040,settings/inventory/fields/index.tsx,imagery,"Icons, photos and missing media",pending,,
R040,settings/inventory/fields/index.tsx,targets,Touch target size and reachability,pending,,
R040,settings/inventory/fields/index.tsx,gestures,Gestures and explicit alternatives,pending,,
R040,settings/inventory/fields/index.tsx,keyboard,"Keyboard, text entry and focus",pending,,
R040,settings/inventory/fields/index.tsx,accessibility,"VoiceOver/TalkBack names, roles, states and order",pending,,
R040,settings/inventory/fields/index.tsx,motion,Reduced motion and feedback alternatives,pending,,
R040,settings/inventory/fields/index.tsx,content,"Lists, hierarchy, density and pagination",pending,,
R040,settings/inventory/fields/index.tsx,search,"Search, scope and filters",pending,,
R040,settings/inventory/fields/index.tsx,loading,"Loading, background refresh and progress",source-reviewed,Refresh owners inspected and migrated to usePullRefresh; blur/generation/duplicate tests plus real query-cache and inbox regression; underlying errors retained. Native scroll presentation pending.,M05
R040,settings/inventory/fields/index.tsx,recovery,"Empty, error, denied and retry",pending,,
R040,settings/inventory/fields/index.tsx,editing,"Draft, save, cancel, undo and interruption",pending,,
R040,settings/inventory/fields/index.tsx,privacy,"Account scope, data use and permissions",pending,,
R040,settings/inventory/fields/index.tsx,notifications,System notification entry and state,pending,,
R040,settings/inventory/fields/index.tsx,media,"Camera, library, files and audio",pending,,
R040,settings/inventory/fields/index.tsx,lifecycle,"Cold/warm start, blur, background and deep link",source-reviewed,Refresh owners inspected and migrated to usePullRefresh; blur/generation/duplicate tests plus real query-cache and inbox regression; underlying errors retained. Native scroll presentation pending.,M05
R041,settings/inventory/fields/new.tsx,task,Task clarity and platform-pattern fit,pending,,
R041,settings/inventory/fields/new.tsx,navigation,"Navigation, hierarchy and return",pending,,
R041,settings/inventory/fields/new.tsx,selection,Value selection and current value,pending,,
R041,settings/inventory/fields/new.tsx,modality,Presentation and dismissal,pending,,
R041,settings/inventory/fields/new.tsx,layout,"Safe areas, scroll edges and overlays",pending,,
R041,settings/inventory/fields/new.tsx,adaptation,Phone/tablet/window reflow,pending,,
R041,settings/inventory/fields/new.tsx,typography,"Dynamic Type, wrapping and legibility",pending,,
R041,settings/inventory/fields/new.tsx,appearance,"Light/dark, contrast and materials",pending,,
R041,settings/inventory/fields/new.tsx,localization,"Locale, timezone, RTL and long strings",pending,,
R041,settings/inventory/fields/new.tsx,imagery,"Icons, photos and missing media",pending,,
R041,settings/inventory/fields/new.tsx,targets,Touch target size and reachability,pending,,
R041,settings/inventory/fields/new.tsx,gestures,Gestures and explicit alternatives,pending,,
R041,settings/inventory/fields/new.tsx,keyboard,"Keyboard, text entry and focus",pending,,
R041,settings/inventory/fields/new.tsx,accessibility,"VoiceOver/TalkBack names, roles, states and order",pending,,
R041,settings/inventory/fields/new.tsx,motion,Reduced motion and feedback alternatives,pending,,
R041,settings/inventory/fields/new.tsx,content,"Lists, hierarchy, density and pagination",pending,,
R041,settings/inventory/fields/new.tsx,search,"Search, scope and filters",pending,,
R041,settings/inventory/fields/new.tsx,loading,"Loading, background refresh and progress",pending,,
R041,settings/inventory/fields/new.tsx,recovery,"Empty, error, denied and retry",pending,,
R041,settings/inventory/fields/new.tsx,editing,"Draft, save, cancel, undo and interruption",pending,,
R041,settings/inventory/fields/new.tsx,privacy,"Account scope, data use and permissions",pending,,
R041,settings/inventory/fields/new.tsx,notifications,System notification entry and state,pending,,
R041,settings/inventory/fields/new.tsx,media,"Camera, library, files and audio",pending,,
R041,settings/inventory/fields/new.tsx,lifecycle,"Cold/warm start, blur, background and deep link",pending,,
R042,settings/inventory/index.tsx,task,Task clarity and platform-pattern fit,pending,,
R042,settings/inventory/index.tsx,navigation,"Navigation, hierarchy and return",pending,,
R042,settings/inventory/index.tsx,selection,Value selection and current value,pending,,
R042,settings/inventory/index.tsx,modality,Presentation and dismissal,pending,,
R042,settings/inventory/index.tsx,layout,"Safe areas, scroll edges and overlays",pending,,
R042,settings/inventory/index.tsx,adaptation,Phone/tablet/window reflow,pending,,
R042,settings/inventory/index.tsx,typography,"Dynamic Type, wrapping and legibility",pending,,
R042,settings/inventory/index.tsx,appearance,"Light/dark, contrast and materials",pending,,
R042,settings/inventory/index.tsx,localization,"Locale, timezone, RTL and long strings",pending,,
R042,settings/inventory/index.tsx,imagery,"Icons, photos and missing media",pending,,
R042,settings/inventory/index.tsx,targets,Touch target size and reachability,pending,,
R042,settings/inventory/index.tsx,gestures,Gestures and explicit alternatives,pending,,
R042,settings/inventory/index.tsx,keyboard,"Keyboard, text entry and focus",pending,,
R042,settings/inventory/index.tsx,accessibility,"VoiceOver/TalkBack names, roles, states and order",pending,,
R042,settings/inventory/index.tsx,motion,Reduced motion and feedback alternatives,pending,,
R042,settings/inventory/index.tsx,content,"Lists, hierarchy, density and pagination",pending,,
R042,settings/inventory/index.tsx,search,"Search, scope and filters",pending,,
R042,settings/inventory/index.tsx,loading,"Loading, background refresh and progress",pending,,
R042,settings/inventory/index.tsx,recovery,"Empty, error, denied and retry",pending,,
R042,settings/inventory/index.tsx,editing,"Draft, save, cancel, undo and interruption",pending,,
R042,settings/inventory/index.tsx,privacy,"Account scope, data use and permissions",pending,,
R042,settings/inventory/index.tsx,notifications,System notification entry and state,pending,,
R042,settings/inventory/index.tsx,media,"Camera, library, files and audio",pending,,
R042,settings/inventory/index.tsx,lifecycle,"Cold/warm start, blur, background and deep link",pending,,
R043,settings/inventory/notification-editor.tsx,task,Task clarity and platform-pattern fit,pending,,
R043,settings/inventory/notification-editor.tsx,navigation,"Navigation, hierarchy and return",pending,,
R043,settings/inventory/notification-editor.tsx,selection,Value selection and current value,pending,,
R043,settings/inventory/notification-editor.tsx,modality,Presentation and dismissal,pending,,
R043,settings/inventory/notification-editor.tsx,layout,"Safe areas, scroll edges and overlays",pending,,
R043,settings/inventory/notification-editor.tsx,adaptation,Phone/tablet/window reflow,pending,,
R043,settings/inventory/notification-editor.tsx,typography,"Dynamic Type, wrapping and legibility",pending,,
R043,settings/inventory/notification-editor.tsx,appearance,"Light/dark, contrast and materials",pending,,
R043,settings/inventory/notification-editor.tsx,localization,"Locale, timezone, RTL and long strings",pending,,
R043,settings/inventory/notification-editor.tsx,imagery,"Icons, photos and missing media",pending,,
R043,settings/inventory/notification-editor.tsx,targets,Touch target size and reachability,pending,,
R043,settings/inventory/notification-editor.tsx,gestures,Gestures and explicit alternatives,pending,,
R043,settings/inventory/notification-editor.tsx,keyboard,"Keyboard, text entry and focus",pending,,
R043,settings/inventory/notification-editor.tsx,accessibility,"VoiceOver/TalkBack names, roles, states and order",pending,,
R043,settings/inventory/notification-editor.tsx,motion,Reduced motion and feedback alternatives,pending,,
R043,settings/inventory/notification-editor.tsx,content,"Lists, hierarchy, density and pagination",pending,,
R043,settings/inventory/notification-editor.tsx,search,"Search, scope and filters",pending,,
R043,settings/inventory/notification-editor.tsx,loading,"Loading, background refresh and progress",pending,,
R043,settings/inventory/notification-editor.tsx,recovery,"Empty, error, denied and retry",pending,,
R043,settings/inventory/notification-editor.tsx,editing,"Draft, save, cancel, undo and interruption",pending,,
R043,settings/inventory/notification-editor.tsx,privacy,"Account scope, data use and permissions",pending,,
R043,settings/inventory/notification-editor.tsx,notifications,System notification entry and state,pending,,
R043,settings/inventory/notification-editor.tsx,media,"Camera, library, files and audio",pending,,
R043,settings/inventory/notification-editor.tsx,lifecycle,"Cold/warm start, blur, background and deep link",pending,,
R044,settings/inventory/notifications.tsx,task,Task clarity and platform-pattern fit,pending,,
R044,settings/inventory/notifications.tsx,navigation,"Navigation, hierarchy and return",pending,,
R044,settings/inventory/notifications.tsx,selection,Value selection and current value,pending,,
R044,settings/inventory/notifications.tsx,modality,Presentation and dismissal,pending,,
R044,settings/inventory/notifications.tsx,layout,"Safe areas, scroll edges and overlays",pending,,
R044,settings/inventory/notifications.tsx,adaptation,Phone/tablet/window reflow,pending,,
R044,settings/inventory/notifications.tsx,typography,"Dynamic Type, wrapping and legibility",pending,,
R044,settings/inventory/notifications.tsx,appearance,"Light/dark, contrast and materials",pending,,
R044,settings/inventory/notifications.tsx,localization,"Locale, timezone, RTL and long strings",pending,,
R044,settings/inventory/notifications.tsx,imagery,"Icons, photos and missing media",pending,,
R044,settings/inventory/notifications.tsx,targets,Touch target size and reachability,pending,,
R044,settings/inventory/notifications.tsx,gestures,Gestures and explicit alternatives,pending,,
R044,settings/inventory/notifications.tsx,keyboard,"Keyboard, text entry and focus",pending,,
R044,settings/inventory/notifications.tsx,accessibility,"VoiceOver/TalkBack names, roles, states and order",pending,,
R044,settings/inventory/notifications.tsx,motion,Reduced motion and feedback alternatives,pending,,
R044,settings/inventory/notifications.tsx,content,"Lists, hierarchy, density and pagination",pending,,
R044,settings/inventory/notifications.tsx,search,"Search, scope and filters",pending,,
R044,settings/inventory/notifications.tsx,loading,"Loading, background refresh and progress",source-reviewed,Refresh owners inspected and migrated to usePullRefresh; blur/generation/duplicate tests plus real query-cache and inbox regression; underlying errors retained. Native scroll presentation pending.,M05
R044,settings/inventory/notifications.tsx,recovery,"Empty, error, denied and retry",pending,,
R044,settings/inventory/notifications.tsx,editing,"Draft, save, cancel, undo and interruption",pending,,
R044,settings/inventory/notifications.tsx,privacy,"Account scope, data use and permissions",pending,,
R044,settings/inventory/notifications.tsx,notifications,System notification entry and state,pending,,
R044,settings/inventory/notifications.tsx,media,"Camera, library, files and audio",pending,,
R044,settings/inventory/notifications.tsx,lifecycle,"Cold/warm start, blur, background and deep link",source-reviewed,Refresh owners inspected and migrated to usePullRefresh; blur/generation/duplicate tests plus real query-cache and inbox regression; underlying errors retained. Native scroll presentation pending.,M05
R045,settings/inventory/tags/[resourceId].tsx,task,Task clarity and platform-pattern fit,pending,,
R045,settings/inventory/tags/[resourceId].tsx,navigation,"Navigation, hierarchy and return",pending,,
R045,settings/inventory/tags/[resourceId].tsx,selection,Value selection and current value,pending,,
R045,settings/inventory/tags/[resourceId].tsx,modality,Presentation and dismissal,pending,,
R045,settings/inventory/tags/[resourceId].tsx,layout,"Safe areas, scroll edges and overlays",pending,,
R045,settings/inventory/tags/[resourceId].tsx,adaptation,Phone/tablet/window reflow,pending,,
R045,settings/inventory/tags/[resourceId].tsx,typography,"Dynamic Type, wrapping and legibility",pending,,
R045,settings/inventory/tags/[resourceId].tsx,appearance,"Light/dark, contrast and materials",pending,,
R045,settings/inventory/tags/[resourceId].tsx,localization,"Locale, timezone, RTL and long strings",pending,,
R045,settings/inventory/tags/[resourceId].tsx,imagery,"Icons, photos and missing media",pending,,
R045,settings/inventory/tags/[resourceId].tsx,targets,Touch target size and reachability,pending,,
R045,settings/inventory/tags/[resourceId].tsx,gestures,Gestures and explicit alternatives,pending,,
R045,settings/inventory/tags/[resourceId].tsx,keyboard,"Keyboard, text entry and focus",pending,,
R045,settings/inventory/tags/[resourceId].tsx,accessibility,"VoiceOver/TalkBack names, roles, states and order",pending,,
R045,settings/inventory/tags/[resourceId].tsx,motion,Reduced motion and feedback alternatives,pending,,
R045,settings/inventory/tags/[resourceId].tsx,content,"Lists, hierarchy, density and pagination",pending,,
R045,settings/inventory/tags/[resourceId].tsx,search,"Search, scope and filters",pending,,
R045,settings/inventory/tags/[resourceId].tsx,loading,"Loading, background refresh and progress",pending,,
R045,settings/inventory/tags/[resourceId].tsx,recovery,"Empty, error, denied and retry",pending,,
R045,settings/inventory/tags/[resourceId].tsx,editing,"Draft, save, cancel, undo and interruption",pending,,
R045,settings/inventory/tags/[resourceId].tsx,privacy,"Account scope, data use and permissions",pending,,
R045,settings/inventory/tags/[resourceId].tsx,notifications,System notification entry and state,pending,,
R045,settings/inventory/tags/[resourceId].tsx,media,"Camera, library, files and audio",pending,,
R045,settings/inventory/tags/[resourceId].tsx,lifecycle,"Cold/warm start, blur, background and deep link",pending,,
R046,settings/inventory/tags/index.tsx,task,Task clarity and platform-pattern fit,pending,,
R046,settings/inventory/tags/index.tsx,navigation,"Navigation, hierarchy and return",pending,,
R046,settings/inventory/tags/index.tsx,selection,Value selection and current value,pending,,
R046,settings/inventory/tags/index.tsx,modality,Presentation and dismissal,pending,,
R046,settings/inventory/tags/index.tsx,layout,"Safe areas, scroll edges and overlays",pending,,
R046,settings/inventory/tags/index.tsx,adaptation,Phone/tablet/window reflow,pending,,
R046,settings/inventory/tags/index.tsx,typography,"Dynamic Type, wrapping and legibility",pending,,
R046,settings/inventory/tags/index.tsx,appearance,"Light/dark, contrast and materials",pending,,
R046,settings/inventory/tags/index.tsx,localization,"Locale, timezone, RTL and long strings",pending,,
R046,settings/inventory/tags/index.tsx,imagery,"Icons, photos and missing media",pending,,
R046,settings/inventory/tags/index.tsx,targets,Touch target size and reachability,pending,,
R046,settings/inventory/tags/index.tsx,gestures,Gestures and explicit alternatives,pending,,
R046,settings/inventory/tags/index.tsx,keyboard,"Keyboard, text entry and focus",pending,,
R046,settings/inventory/tags/index.tsx,accessibility,"VoiceOver/TalkBack names, roles, states and order",pending,,
R046,settings/inventory/tags/index.tsx,motion,Reduced motion and feedback alternatives,pending,,
R046,settings/inventory/tags/index.tsx,content,"Lists, hierarchy, density and pagination",pending,,
R046,settings/inventory/tags/index.tsx,search,"Search, scope and filters",pending,,
R046,settings/inventory/tags/index.tsx,loading,"Loading, background refresh and progress",source-reviewed,Refresh owners inspected and migrated to usePullRefresh; blur/generation/duplicate tests plus real query-cache and inbox regression; underlying errors retained. Native scroll presentation pending.,M05
R046,settings/inventory/tags/index.tsx,recovery,"Empty, error, denied and retry",pending,,
R046,settings/inventory/tags/index.tsx,editing,"Draft, save, cancel, undo and interruption",pending,,
R046,settings/inventory/tags/index.tsx,privacy,"Account scope, data use and permissions",pending,,
R046,settings/inventory/tags/index.tsx,notifications,System notification entry and state,pending,,
R046,settings/inventory/tags/index.tsx,media,"Camera, library, files and audio",pending,,
R046,settings/inventory/tags/index.tsx,lifecycle,"Cold/warm start, blur, background and deep link",source-reviewed,Refresh owners inspected and migrated to usePullRefresh; blur/generation/duplicate tests plus real query-cache and inbox regression; underlying errors retained. Native scroll presentation pending.,M05
R047,settings/inventory/tags/new.tsx,task,Task clarity and platform-pattern fit,pending,,
R047,settings/inventory/tags/new.tsx,navigation,"Navigation, hierarchy and return",pending,,
R047,settings/inventory/tags/new.tsx,selection,Value selection and current value,pending,,
R047,settings/inventory/tags/new.tsx,modality,Presentation and dismissal,pending,,
R047,settings/inventory/tags/new.tsx,layout,"Safe areas, scroll edges and overlays",pending,,
R047,settings/inventory/tags/new.tsx,adaptation,Phone/tablet/window reflow,pending,,
R047,settings/inventory/tags/new.tsx,typography,"Dynamic Type, wrapping and legibility",pending,,
R047,settings/inventory/tags/new.tsx,appearance,"Light/dark, contrast and materials",pending,,
R047,settings/inventory/tags/new.tsx,localization,"Locale, timezone, RTL and long strings",pending,,
R047,settings/inventory/tags/new.tsx,imagery,"Icons, photos and missing media",pending,,
R047,settings/inventory/tags/new.tsx,targets,Touch target size and reachability,pending,,
R047,settings/inventory/tags/new.tsx,gestures,Gestures and explicit alternatives,pending,,
R047,settings/inventory/tags/new.tsx,keyboard,"Keyboard, text entry and focus",pending,,
R047,settings/inventory/tags/new.tsx,accessibility,"VoiceOver/TalkBack names, roles, states and order",pending,,
R047,settings/inventory/tags/new.tsx,motion,Reduced motion and feedback alternatives,pending,,
R047,settings/inventory/tags/new.tsx,content,"Lists, hierarchy, density and pagination",pending,,
R047,settings/inventory/tags/new.tsx,search,"Search, scope and filters",pending,,
R047,settings/inventory/tags/new.tsx,loading,"Loading, background refresh and progress",pending,,
R047,settings/inventory/tags/new.tsx,recovery,"Empty, error, denied and retry",pending,,
R047,settings/inventory/tags/new.tsx,editing,"Draft, save, cancel, undo and interruption",pending,,
R047,settings/inventory/tags/new.tsx,privacy,"Account scope, data use and permissions",pending,,
R047,settings/inventory/tags/new.tsx,notifications,System notification entry and state,pending,,
R047,settings/inventory/tags/new.tsx,media,"Camera, library, files and audio",pending,,
R047,settings/inventory/tags/new.tsx,lifecycle,"Cold/warm start, blur, background and deep link",pending,,
R048,settings/sharing.tsx,task,Task clarity and platform-pattern fit,source-reviewed,"Sharing form presents email/access, then explicit invitation creation and one-time link actions; native access fix M27.",M27
R048,settings/sharing.tsx,navigation,"Navigation, hierarchy and return",pending,,
R048,settings/sharing.tsx,selection,Value selection and current value,source-reviewed,Viewer/Editor now shared in-place SettingsPickerRow; runtime pending (M27).,M27
R048,settings/sharing.tsx,modality,Presentation and dismissal,source-reviewed,Cancellation uses native destructive confirmation naming invitee; link sharing delegates to linkActions port.,
R048,settings/sharing.tsx,layout,"Safe areas, scroll edges and overlays",pending,,
R048,settings/sharing.tsx,adaptation,Phone/tablet/window reflow,pending,,
R048,settings/sharing.tsx,typography,"Dynamic Type, wrapping and legibility",pending,,
R048,settings/sharing.tsx,appearance,"Light/dark, contrast and materials",pending,,
R048,settings/sharing.tsx,localization,"Locale, timezone, RTL and long strings",source-reviewed,Dates use locale formatter; strings remain English; RTL and long translations unverified.,
R048,settings/sharing.tsx,imagery,"Icons, photos and missing media",pending,,
R048,settings/sharing.tsx,targets,Touch target size and reachability,source-reviewed,Source minima 44 for cancel/link and 48 for creation/email; physical reachability and enlarged text unverified.,
R048,settings/sharing.tsx,gestures,Gestures and explicit alternatives,pending,,
R048,settings/sharing.tsx,keyboard,"Keyboard, text entry and focus",pending,,
R048,settings/sharing.tsx,accessibility,"VoiceOver/TalkBack names, roles, states and order",pending,,
R048,settings/sharing.tsx,motion,Reduced motion and feedback alternatives,pending,,
R048,settings/sharing.tsx,content,"Lists, hierarchy, density and pagination",source-reviewed,Paged invitation list with explicit Load older and repeat-cursor guard; runtime density pending.,
R048,settings/sharing.tsx,search,"Search, scope and filters",pending,,
R048,settings/sharing.tsx,loading,"Loading, background refresh and progress",source-reviewed,Explicit usePullRefresh; initial load indicator and separate pending creation/cancellation indicators.,
R048,settings/sharing.tsx,recovery,"Empty, error, denied and retry",source-reviewed,Refresh notice preserves visible records; retry/empty states exist. Permission denial currently shares generic load error copy; further review needed.,
R048,settings/sharing.tsx,editing,"Draft, save, cancel, undo and interruption",source-reviewed,Pending email/access disabled and guarded; rejected creation retains draft; remote behavior test.,M27
R048,settings/sharing.tsx,privacy,"Account scope, data use and permissions",source-reviewed,Source and existing tests hide denied cached invitations and keep created secret outside query cache; no new boundary changes.,
R048,settings/sharing.tsx,notifications,System notification entry and state,pending,,
R048,settings/sharing.tsx,media,"Camera, library, files and audio",pending,,
R048,settings/sharing.tsx,lifecycle,"Cold/warm start, blur, background and deep link",source-reviewed,Refresh owners inspected and migrated to usePullRefresh; blur/generation/duplicate tests plus real query-cache and inbox regression; underlying errors retained. Native scroll presentation pending.,M05
R049,settings/voice/[capability].tsx,task,Task clarity and platform-pattern fit,pending,,
R049,settings/voice/[capability].tsx,navigation,"Navigation, hierarchy and return",pending,,
R049,settings/voice/[capability].tsx,selection,Value selection and current value,pending,,
R049,settings/voice/[capability].tsx,modality,Presentation and dismissal,pending,,
R049,settings/voice/[capability].tsx,layout,"Safe areas, scroll edges and overlays",pending,,
R049,settings/voice/[capability].tsx,adaptation,Phone/tablet/window reflow,pending,,
R049,settings/voice/[capability].tsx,typography,"Dynamic Type, wrapping and legibility",pending,,
R049,settings/voice/[capability].tsx,appearance,"Light/dark, contrast and materials",pending,,
R049,settings/voice/[capability].tsx,localization,"Locale, timezone, RTL and long strings",pending,,
R049,settings/voice/[capability].tsx,imagery,"Icons, photos and missing media",pending,,
R049,settings/voice/[capability].tsx,targets,Touch target size and reachability,pending,,
R049,settings/voice/[capability].tsx,gestures,Gestures and explicit alternatives,pending,,
R049,settings/voice/[capability].tsx,keyboard,"Keyboard, text entry and focus",pending,,
R049,settings/voice/[capability].tsx,accessibility,"VoiceOver/TalkBack names, roles, states and order",pending,,
R049,settings/voice/[capability].tsx,motion,Reduced motion and feedback alternatives,pending,,
R049,settings/voice/[capability].tsx,content,"Lists, hierarchy, density and pagination",pending,,
R049,settings/voice/[capability].tsx,search,"Search, scope and filters",pending,,
R049,settings/voice/[capability].tsx,loading,"Loading, background refresh and progress",pending,,
R049,settings/voice/[capability].tsx,recovery,"Empty, error, denied and retry",pending,,
R049,settings/voice/[capability].tsx,editing,"Draft, save, cancel, undo and interruption",pending,,
R049,settings/voice/[capability].tsx,privacy,"Account scope, data use and permissions",pending,,
R049,settings/voice/[capability].tsx,notifications,System notification entry and state,pending,,
R049,settings/voice/[capability].tsx,media,"Camera, library, files and audio",pending,,
R049,settings/voice/[capability].tsx,lifecycle,"Cold/warm start, blur, background and deep link",pending,,
R050,settings/voice/index.tsx,task,Task clarity and platform-pattern fit,pending,,
R050,settings/voice/index.tsx,navigation,"Navigation, hierarchy and return",pending,,
R050,settings/voice/index.tsx,selection,Value selection and current value,pending,,
R050,settings/voice/index.tsx,modality,Presentation and dismissal,pending,,
R050,settings/voice/index.tsx,layout,"Safe areas, scroll edges and overlays",pending,,
R050,settings/voice/index.tsx,adaptation,Phone/tablet/window reflow,pending,,
R050,settings/voice/index.tsx,typography,"Dynamic Type, wrapping and legibility",pending,,
R050,settings/voice/index.tsx,appearance,"Light/dark, contrast and materials",pending,,
R050,settings/voice/index.tsx,localization,"Locale, timezone, RTL and long strings",pending,,
R050,settings/voice/index.tsx,imagery,"Icons, photos and missing media",pending,,
R050,settings/voice/index.tsx,targets,Touch target size and reachability,pending,,
R050,settings/voice/index.tsx,gestures,Gestures and explicit alternatives,pending,,
R050,settings/voice/index.tsx,keyboard,"Keyboard, text entry and focus",pending,,
R050,settings/voice/index.tsx,accessibility,"VoiceOver/TalkBack names, roles, states and order",pending,,
R050,settings/voice/index.tsx,motion,Reduced motion and feedback alternatives,pending,,
R050,settings/voice/index.tsx,content,"Lists, hierarchy, density and pagination",pending,,
R050,settings/voice/index.tsx,search,"Search, scope and filters",pending,,
R050,settings/voice/index.tsx,loading,"Loading, background refresh and progress",pending,,
R050,settings/voice/index.tsx,recovery,"Empty, error, denied and retry",pending,,
R050,settings/voice/index.tsx,editing,"Draft, save, cancel, undo and interruption",pending,,
R050,settings/voice/index.tsx,privacy,"Account scope, data use and permissions",pending,,
R050,settings/voice/index.tsx,notifications,System notification entry and state,pending,,
R050,settings/voice/index.tsx,media,"Camera, library, files and audio",pending,,
R050,settings/voice/index.tsx,lifecycle,"Cold/warm start, blur, background and deep link",pending,,
R051,settings/voice/profiles/[providerProfileId]/credential.tsx,task,Task clarity and platform-pattern fit,source-reviewed,Explicit replacement editor explains hidden prior value; credential purpose determines secret field versus server-managed credential explanation.,
R051,settings/voice/profiles/[providerProfileId]/credential.tsx,navigation,"Navigation, hierarchy and return",pending,,
R051,settings/voice/profiles/[providerProfileId]/credential.tsx,selection,Value selection and current value,pending,,
R051,settings/voice/profiles/[providerProfileId]/credential.tsx,modality,Presentation and dismissal,pending,,
R051,settings/voice/profiles/[providerProfileId]/credential.tsx,layout,"Safe areas, scroll edges and overlays",pending,,
R051,settings/voice/profiles/[providerProfileId]/credential.tsx,adaptation,Phone/tablet/window reflow,pending,,
R051,settings/voice/profiles/[providerProfileId]/credential.tsx,typography,"Dynamic Type, wrapping and legibility",pending,,
R051,settings/voice/profiles/[providerProfileId]/credential.tsx,appearance,"Light/dark, contrast and materials",source-reviewed,Semantic palette for surfaces/text/border/actions; contrast and dark/light screenshots pending.,
R051,settings/voice/profiles/[providerProfileId]/credential.tsx,localization,"Locale, timezone, RTL and long strings",pending,,
R051,settings/voice/profiles/[providerProfileId]/credential.tsx,imagery,"Icons, photos and missing media",pending,,
R051,settings/voice/profiles/[providerProfileId]/credential.tsx,targets,Touch target size and reachability,source-reviewed,48-point minimum fields/actions and flexible vertical layout; enlarged text and physical reachability unverified.,
R051,settings/voice/profiles/[providerProfileId]/credential.tsx,gestures,Gestures and explicit alternatives,pending,,
R051,settings/voice/profiles/[providerProfileId]/credential.tsx,keyboard,"Keyboard, text entry and focus",source-reviewed,"Shared AppTextInput, handled taps and drag dismissal; prompt multiline, credential no autocorrect/capitalization. Native keyboard/Save reachability unverified.",
R051,settings/voice/profiles/[providerProfileId]/credential.tsx,accessibility,"VoiceOver/TalkBack names, roles, states and order",pending,,
R051,settings/voice/profiles/[providerProfileId]/credential.tsx,motion,Reduced motion and feedback alternatives,pending,,
R051,settings/voice/profiles/[providerProfileId]/credential.tsx,content,"Lists, hierarchy, density and pagination",pending,,
R051,settings/voice/profiles/[providerProfileId]/credential.tsx,search,"Search, scope and filters",pending,,
R051,settings/voice/profiles/[providerProfileId]/credential.tsx,loading,"Loading, background refresh and progress",source-reviewed,Save text changes to Saving with busy/disabled state; Cancel disabled. Background refresh error uses separate notice.,
R051,settings/voice/profiles/[providerProfileId]/credential.tsx,recovery,"Empty, error, denied and retry",source-reviewed,Save failure retains draft with feedback; missing/unsupported profile uses retry state; refresh error does not replace form.,
R051,settings/voice/profiles/[providerProfileId]/credential.tsx,editing,"Draft, save, cancel, undo and interruption",source-reviewed,M30 freezes submitted draft and guards late edits; failure retains draft. Form keyed by owner/profile to prevent cross-scope reuse.,M30
R051,settings/voice/profiles/[providerProfileId]/credential.tsx,privacy,"Account scope, data use and permissions",source-reviewed,"Credential uses secureTextEntry, is not prefilled and clears after success; secret/prompt outside query cache. Native keyboard privacy verification pending.",
R051,settings/voice/profiles/[providerProfileId]/credential.tsx,notifications,System notification entry and state,pending,,
R051,settings/voice/profiles/[providerProfileId]/credential.tsx,media,"Camera, library, files and audio",pending,,
R051,settings/voice/profiles/[providerProfileId]/credential.tsx,lifecycle,"Cold/warm start, blur, background and deep link",pending,,
R052,settings/voice/profiles/[providerProfileId]/index.tsx,task,Task clarity and platform-pattern fit,source-reviewed,"Provider detail separates read-only configuration, credential/prompt editing, connection test and lifecycle actions.",
R052,settings/voice/profiles/[providerProfileId]/index.tsx,navigation,"Navigation, hierarchy and return",pending,,
R052,settings/voice/profiles/[providerProfileId]/index.tsx,selection,Value selection and current value,source-reviewed,Enable/disable is an explicit command; credential/prompt are multi-field editing destinations rather than flat value selectors.,
R052,settings/voice/profiles/[providerProfileId]/index.tsx,modality,Presentation and dismissal,source-reviewed,Archive uses native destructive confirmation naming profile and explaining voice unavailability.,
R052,settings/voice/profiles/[providerProfileId]/index.tsx,layout,"Safe areas, scroll edges and overlays",pending,,
R052,settings/voice/profiles/[providerProfileId]/index.tsx,adaptation,Phone/tablet/window reflow,pending,,
R052,settings/voice/profiles/[providerProfileId]/index.tsx,typography,"Dynamic Type, wrapping and legibility",pending,,
R052,settings/voice/profiles/[providerProfileId]/index.tsx,appearance,"Light/dark, contrast and materials",pending,,
R052,settings/voice/profiles/[providerProfileId]/index.tsx,localization,"Locale, timezone, RTL and long strings",pending,,
R052,settings/voice/profiles/[providerProfileId]/index.tsx,imagery,"Icons, photos and missing media",pending,,
R052,settings/voice/profiles/[providerProfileId]/index.tsx,targets,Touch target size and reachability,pending,,
R052,settings/voice/profiles/[providerProfileId]/index.tsx,gestures,Gestures and explicit alternatives,pending,,
R052,settings/voice/profiles/[providerProfileId]/index.tsx,keyboard,"Keyboard, text entry and focus",pending,,
R052,settings/voice/profiles/[providerProfileId]/index.tsx,accessibility,"VoiceOver/TalkBack names, roles, states and order",source-reviewed,"Actions name profile, preserve names during progress, shared SettingsActionRow exposes disabled state; VoiceOver runtime pending.",
R052,settings/voice/profiles/[providerProfileId]/index.tsx,motion,Reduced motion and feedback alternatives,pending,,
R052,settings/voice/profiles/[providerProfileId]/index.tsx,content,"Lists, hierarchy, density and pagination",pending,,
R052,settings/voice/profiles/[providerProfileId]/index.tsx,search,"Search, scope and filters",pending,,
R052,settings/voice/profiles/[providerProfileId]/index.tsx,loading,"Loading, background refresh and progress",source-reviewed,"M29 tracks test/lifecycle/archive independently, shows progress only for active action.",M29
R052,settings/voice/profiles/[providerProfileId]/index.tsx,recovery,"Empty, error, denied and retry",source-reviewed,Missing profile/read failure uses retry view; refresh errors preserve prior data; command failures use persistent feedback.,
R052,settings/voice/profiles/[providerProfileId]/index.tsx,editing,"Draft, save, cancel, undo and interruption",source-reviewed,M29 serializes actions and guards credential/prompt navigation; three operation-failure cases restore actions.,M29
R052,settings/voice/profiles/[providerProfileId]/index.tsx,privacy,"Account scope, data use and permissions",pending,,
R052,settings/voice/profiles/[providerProfileId]/index.tsx,notifications,System notification entry and state,pending,,
R052,settings/voice/profiles/[providerProfileId]/index.tsx,media,"Camera, library, files and audio",pending,,
R052,settings/voice/profiles/[providerProfileId]/index.tsx,lifecycle,"Cold/warm start, blur, background and deep link",pending,,
R053,settings/voice/profiles/[providerProfileId]/prompt.tsx,task,Task clarity and platform-pattern fit,source-reviewed,Explicit replacement prompt guidance editor explains that existing hidden text is not returned.,
R053,settings/voice/profiles/[providerProfileId]/prompt.tsx,navigation,"Navigation, hierarchy and return",pending,,
R053,settings/voice/profiles/[providerProfileId]/prompt.tsx,selection,Value selection and current value,pending,,
R053,settings/voice/profiles/[providerProfileId]/prompt.tsx,modality,Presentation and dismissal,pending,,
R053,settings/voice/profiles/[providerProfileId]/prompt.tsx,layout,"Safe areas, scroll edges and overlays",pending,,
R053,settings/voice/profiles/[providerProfileId]/prompt.tsx,adaptation,Phone/tablet/window reflow,pending,,
R053,settings/voice/profiles/[providerProfileId]/prompt.tsx,typography,"Dynamic Type, wrapping and legibility",pending,,
R053,settings/voice/profiles/[providerProfileId]/prompt.tsx,appearance,"Light/dark, contrast and materials",source-reviewed,Semantic palette for surfaces/text/border/actions; contrast and dark/light screenshots pending.,
R053,settings/voice/profiles/[providerProfileId]/prompt.tsx,localization,"Locale, timezone, RTL and long strings",pending,,
R053,settings/voice/profiles/[providerProfileId]/prompt.tsx,imagery,"Icons, photos and missing media",pending,,
R053,settings/voice/profiles/[providerProfileId]/prompt.tsx,targets,Touch target size and reachability,source-reviewed,48-point minimum fields/actions and flexible vertical layout; enlarged text and physical reachability unverified.,
R053,settings/voice/profiles/[providerProfileId]/prompt.tsx,gestures,Gestures and explicit alternatives,pending,,
R053,settings/voice/profiles/[providerProfileId]/prompt.tsx,keyboard,"Keyboard, text entry and focus",source-reviewed,"Shared AppTextInput, handled taps and drag dismissal; prompt multiline, credential no autocorrect/capitalization. Native keyboard/Save reachability unverified.",
R053,settings/voice/profiles/[providerProfileId]/prompt.tsx,accessibility,"VoiceOver/TalkBack names, roles, states and order",pending,,
R053,settings/voice/profiles/[providerProfileId]/prompt.tsx,motion,Reduced motion and feedback alternatives,pending,,
R053,settings/voice/profiles/[providerProfileId]/prompt.tsx,content,"Lists, hierarchy, density and pagination",pending,,
R053,settings/voice/profiles/[providerProfileId]/prompt.tsx,search,"Search, scope and filters",pending,,
R053,settings/voice/profiles/[providerProfileId]/prompt.tsx,loading,"Loading, background refresh and progress",source-reviewed,Save text changes to Saving with busy/disabled state; Cancel disabled. Background refresh error uses separate notice.,
R053,settings/voice/profiles/[providerProfileId]/prompt.tsx,recovery,"Empty, error, denied and retry",source-reviewed,Save failure retains draft with feedback; missing/unsupported profile uses retry state; refresh error does not replace form.,
R053,settings/voice/profiles/[providerProfileId]/prompt.tsx,editing,"Draft, save, cancel, undo and interruption",source-reviewed,M30 freezes submitted draft and guards late edits; failure retains draft. Form keyed by owner/profile to prevent cross-scope reuse.,M30
R053,settings/voice/profiles/[providerProfileId]/prompt.tsx,privacy,"Account scope, data use and permissions",source-reviewed,"Credential uses secureTextEntry, is not prefilled and clears after success; secret/prompt outside query cache. Native keyboard privacy verification pending.",
R053,settings/voice/profiles/[providerProfileId]/prompt.tsx,notifications,System notification entry and state,pending,,
R053,settings/voice/profiles/[providerProfileId]/prompt.tsx,media,"Camera, library, files and audio",pending,,
R053,settings/voice/profiles/[providerProfileId]/prompt.tsx,lifecycle,"Cold/warm start, blur, background and deep link",pending,,
R054,settings/voice/profiles/add.tsx,task,Task clarity and platform-pattern fit,source-reviewed,Recommended service actions explicitly create disabled draft and describe credential/test/enable follow-up.,
R054,settings/voice/profiles/add.tsx,navigation,"Navigation, hierarchy and return",source-reviewed,Successful creation replaces Add route with created profile detail; no extra intermediate confirmation.,
R054,settings/voice/profiles/add.tsx,selection,Value selection and current value,pending,,
R054,settings/voice/profiles/add.tsx,modality,Presentation and dismissal,pending,,
R054,settings/voice/profiles/add.tsx,layout,"Safe areas, scroll edges and overlays",pending,,
R054,settings/voice/profiles/add.tsx,adaptation,Phone/tablet/window reflow,pending,,
R054,settings/voice/profiles/add.tsx,typography,"Dynamic Type, wrapping and legibility",pending,,
R054,settings/voice/profiles/add.tsx,appearance,"Light/dark, contrast and materials",pending,,
R054,settings/voice/profiles/add.tsx,localization,"Locale, timezone, RTL and long strings",pending,,
R054,settings/voice/profiles/add.tsx,imagery,"Icons, photos and missing media",pending,,
R054,settings/voice/profiles/add.tsx,targets,Touch target size and reachability,pending,,
R054,settings/voice/profiles/add.tsx,gestures,Gestures and explicit alternatives,pending,,
R054,settings/voice/profiles/add.tsx,keyboard,"Keyboard, text entry and focus",pending,,
R054,settings/voice/profiles/add.tsx,accessibility,"VoiceOver/TalkBack names, roles, states and order",source-reviewed,Each action names Create draft and template; descriptions visible; native reading order pending.,
R054,settings/voice/profiles/add.tsx,motion,Reduced motion and feedback alternatives,pending,,
R054,settings/voice/profiles/add.tsx,content,"Lists, hierarchy, density and pagination",pending,,
R054,settings/voice/profiles/add.tsx,search,"Search, scope and filters",pending,,
R054,settings/voice/profiles/add.tsx,loading,"Loading, background refresh and progress",source-reviewed,Only selected template changes to Creating; all templates disabled and ref guard prevents duplicate creation.,
R054,settings/voice/profiles/add.tsx,recovery,"Empty, error, denied and retry",source-reviewed,Create failure uses feedback and restores choices without navigating.,
R054,settings/voice/profiles/add.tsx,editing,"Draft, save, cancel, undo and interruption",pending,,
R054,settings/voice/profiles/add.tsx,privacy,"Account scope, data use and permissions",source-reviewed,Route uses VoiceAdminGuard; profile scope described as tenant-wide; source review does not certify server authorization.,
R054,settings/voice/profiles/add.tsx,notifications,System notification entry and state,pending,,
R054,settings/voice/profiles/add.tsx,media,"Camera, library, files and audio",pending,,
R054,settings/voice/profiles/add.tsx,lifecycle,"Cold/warm start, blur, background and deep link",pending,,
R055,settings/voice/profiles/index.tsx,task,Task clarity and platform-pattern fit,source-reviewed,"Provider list exposes profile lifecycle, capability and provider context plus explicit Add action.",
R055,settings/voice/profiles/index.tsx,navigation,"Navigation, hierarchy and return",source-reviewed,Profile rows open encoded profile ID; Add opens service selection route.,
R055,settings/voice/profiles/index.tsx,selection,Value selection and current value,pending,,
R055,settings/voice/profiles/index.tsx,modality,Presentation and dismissal,pending,,
R055,settings/voice/profiles/index.tsx,layout,"Safe areas, scroll edges and overlays",pending,,
R055,settings/voice/profiles/index.tsx,adaptation,Phone/tablet/window reflow,pending,,
R055,settings/voice/profiles/index.tsx,typography,"Dynamic Type, wrapping and legibility",pending,,
R055,settings/voice/profiles/index.tsx,appearance,"Light/dark, contrast and materials",pending,,
R055,settings/voice/profiles/index.tsx,localization,"Locale, timezone, RTL and long strings",pending,,
R055,settings/voice/profiles/index.tsx,imagery,"Icons, photos and missing media",pending,,
R055,settings/voice/profiles/index.tsx,targets,Touch target size and reachability,pending,,
R055,settings/voice/profiles/index.tsx,gestures,Gestures and explicit alternatives,pending,,
R055,settings/voice/profiles/index.tsx,keyboard,"Keyboard, text entry and focus",pending,,
R055,settings/voice/profiles/index.tsx,accessibility,"VoiceOver/TalkBack names, roles, states and order",source-reviewed,Profile action name includes display name and lifecycle; native traversal and long names pending.,
R055,settings/voice/profiles/index.tsx,motion,Reduced motion and feedback alternatives,pending,,
R055,settings/voice/profiles/index.tsx,content,"Lists, hierarchy, density and pagination",source-reviewed,Profiles sorted by capability/name in query; empty state offers Add; scaling for large lists requires runtime evaluation.,
R055,settings/voice/profiles/index.tsx,search,"Search, scope and filters",pending,,
R055,settings/voice/profiles/index.tsx,loading,"Loading, background refresh and progress",pending,,
R055,settings/voice/profiles/index.tsx,recovery,"Empty, error, denied and retry",source-reviewed,ProviderStateView handles initial failure/retry; SettingsRefreshNotice retains visible list on refresh failure.,
R055,settings/voice/profiles/index.tsx,editing,"Draft, save, cancel, undo and interruption",pending,,
R055,settings/voice/profiles/index.tsx,privacy,"Account scope, data use and permissions",source-reviewed,"VoiceAdminGuard wraps route, tenant-wide scope explained; no secret credentials rendered.",
R055,settings/voice/profiles/index.tsx,notifications,System notification entry and state,pending,,
R055,settings/voice/profiles/index.tsx,media,"Camera, library, files and audio",pending,,
R055,settings/voice/profiles/index.tsx,lifecycle,"Cold/warm start, blur, background and deep link",pending,,
R056,tenant-switcher.tsx,task,Task clarity and platform-pattern fit,pending,,
R056,tenant-switcher.tsx,navigation,"Navigation, hierarchy and return",pending,,
R056,tenant-switcher.tsx,selection,Value selection and current value,pending,,
R056,tenant-switcher.tsx,modality,Presentation and dismissal,pending,,
R056,tenant-switcher.tsx,layout,"Safe areas, scroll edges and overlays",pending,,
R056,tenant-switcher.tsx,adaptation,Phone/tablet/window reflow,pending,,
R056,tenant-switcher.tsx,typography,"Dynamic Type, wrapping and legibility",pending,,
R056,tenant-switcher.tsx,appearance,"Light/dark, contrast and materials",pending,,
R056,tenant-switcher.tsx,localization,"Locale, timezone, RTL and long strings",pending,,
R056,tenant-switcher.tsx,imagery,"Icons, photos and missing media",pending,,
R056,tenant-switcher.tsx,targets,Touch target size and reachability,pending,,
R056,tenant-switcher.tsx,gestures,Gestures and explicit alternatives,pending,,
R056,tenant-switcher.tsx,keyboard,"Keyboard, text entry and focus",pending,,
R056,tenant-switcher.tsx,accessibility,"VoiceOver/TalkBack names, roles, states and order",pending,,
R056,tenant-switcher.tsx,motion,Reduced motion and feedback alternatives,pending,,
R056,tenant-switcher.tsx,content,"Lists, hierarchy, density and pagination",pending,,
R056,tenant-switcher.tsx,search,"Search, scope and filters",pending,,
R056,tenant-switcher.tsx,loading,"Loading, background refresh and progress",pending,,
R056,tenant-switcher.tsx,recovery,"Empty, error, denied and retry",pending,,
R056,tenant-switcher.tsx,editing,"Draft, save, cancel, undo and interruption",pending,,
R056,tenant-switcher.tsx,privacy,"Account scope, data use and permissions",pending,,
R056,tenant-switcher.tsx,notifications,System notification entry and state,pending,,
R056,tenant-switcher.tsx,media,"Camera, library, files and audio",pending,,
R056,tenant-switcher.tsx,lifecycle,"Cold/warm start, blur, background and deep link",pending,,
R057,voice.tsx,task,Task clarity and platform-pattern fit,pending,,
R057,voice.tsx,navigation,"Navigation, hierarchy and return",pending,,
R057,voice.tsx,selection,Value selection and current value,pending,,
R057,voice.tsx,modality,Presentation and dismissal,pending,,
R057,voice.tsx,layout,"Safe areas, scroll edges and overlays",pending,,
R057,voice.tsx,adaptation,Phone/tablet/window reflow,pending,,
R057,voice.tsx,typography,"Dynamic Type, wrapping and legibility",pending,,
R057,voice.tsx,appearance,"Light/dark, contrast and materials",pending,,
R057,voice.tsx,localization,"Locale, timezone, RTL and long strings",pending,,
R057,voice.tsx,imagery,"Icons, photos and missing media",pending,,
R057,voice.tsx,targets,Touch target size and reachability,pending,,
R057,voice.tsx,gestures,Gestures and explicit alternatives,pending,,
R057,voice.tsx,keyboard,"Keyboard, text entry and focus",pending,,
R057,voice.tsx,accessibility,"VoiceOver/TalkBack names, roles, states and order",pending,,
R057,voice.tsx,motion,Reduced motion and feedback alternatives,pending,,
R057,voice.tsx,content,"Lists, hierarchy, density and pagination",pending,,
R057,voice.tsx,search,"Search, scope and filters",pending,,
R057,voice.tsx,loading,"Loading, background refresh and progress",pending,,
R057,voice.tsx,recovery,"Empty, error, denied and retry",pending,,
R057,voice.tsx,editing,"Draft, save, cancel, undo and interruption",pending,,
R057,voice.tsx,privacy,"Account scope, data use and permissions",pending,,
R057,voice.tsx,notifications,System notification entry and state,pending,,
R057,voice.tsx,media,"Camera, library, files and audio",pending,,
R057,voice.tsx,lifecycle,"Cold/warm start, blur, background and deep link",pending,,
S058,onboarding / server entry,task,Task clarity and platform-pattern fit,pending,,
S058,onboarding / server entry,navigation,"Navigation, hierarchy and return",pending,,
S058,onboarding / server entry,selection,Value selection and current value,pending,,
S058,onboarding / server entry,modality,Presentation and dismissal,runtime-partial,"native-evidence.md; default light iPhone screenshots inspected; help opens/closes; keyboard procedure failed, text value suspect; other configurations pending",
S058,onboarding / server entry,layout,"Safe areas, scroll edges and overlays",runtime-partial,"native-evidence.md; default light iPhone screenshots inspected; help opens/closes; keyboard procedure failed, text value suspect; other configurations pending",
S058,onboarding / server entry,adaptation,Phone/tablet/window reflow,source-reviewed,da766245; shared centered readable form and adjacent primary action; iPad landscape fixture pending,M17
S058,onboarding / server entry,typography,"Dynamic Type, wrapping and legibility",pending,,
S058,onboarding / server entry,appearance,"Light/dark, contrast and materials",pending,,
S058,onboarding / server entry,localization,"Locale, timezone, RTL and long strings",pending,,
S058,onboarding / server entry,imagery,"Icons, photos and missing media",pending,,
S058,onboarding / server entry,targets,Touch target size and reachability,pending,,
S058,onboarding / server entry,gestures,Gestures and explicit alternatives,pending,,
S058,onboarding / server entry,keyboard,"Keyboard, text entry and focus",runtime-partial,"native-evidence.md; default light iPhone screenshots inspected; help opens/closes; keyboard procedure failed, text value suspect; other configurations pending",M14
S058,onboarding / server entry,accessibility,"VoiceOver/TalkBack names, roles, states and order",pending,,
S058,onboarding / server entry,motion,Reduced motion and feedback alternatives,pending,,
S058,onboarding / server entry,content,"Lists, hierarchy, density and pagination",pending,,
S058,onboarding / server entry,search,"Search, scope and filters",pending,,
S058,onboarding / server entry,loading,"Loading, background refresh and progress",pending,,
S058,onboarding / server entry,recovery,"Empty, error, denied and retry",pending,,
S058,onboarding / server entry,editing,"Draft, save, cancel, undo and interruption",runtime-partial,"native-evidence.md; default light iPhone screenshots inspected; help opens/closes; keyboard procedure failed, text value suspect; other configurations pending",M14
S058,onboarding / server entry,privacy,"Account scope, data use and permissions",pending,,
S058,onboarding / server entry,notifications,System notification entry and state,pending,,
S058,onboarding / server entry,media,"Camera, library, files and audio",pending,,
S058,onboarding / server entry,lifecycle,"Cold/warm start, blur, background and deep link",pending,,
S059,onboarding / browser sign-in return,task,Task clarity and platform-pattern fit,pending,,
S059,onboarding / browser sign-in return,navigation,"Navigation, hierarchy and return",pending,,
S059,onboarding / browser sign-in return,selection,Value selection and current value,pending,,
S059,onboarding / browser sign-in return,modality,Presentation and dismissal,pending,,
S059,onboarding / browser sign-in return,layout,"Safe areas, scroll edges and overlays",pending,,
S059,onboarding / browser sign-in return,adaptation,Phone/tablet/window reflow,source-reviewed,da766245; shared centered readable form and adjacent primary action; iPad landscape fixture pending,M17
S059,onboarding / browser sign-in return,typography,"Dynamic Type, wrapping and legibility",pending,,
S059,onboarding / browser sign-in return,appearance,"Light/dark, contrast and materials",pending,,
S059,onboarding / browser sign-in return,localization,"Locale, timezone, RTL and long strings",pending,,
S059,onboarding / browser sign-in return,imagery,"Icons, photos and missing media",pending,,
S059,onboarding / browser sign-in return,targets,Touch target size and reachability,pending,,
S059,onboarding / browser sign-in return,gestures,Gestures and explicit alternatives,pending,,
S059,onboarding / browser sign-in return,keyboard,"Keyboard, text entry and focus",pending,,
S059,onboarding / browser sign-in return,accessibility,"VoiceOver/TalkBack names, roles, states and order",pending,,
S059,onboarding / browser sign-in return,motion,Reduced motion and feedback alternatives,pending,,
S059,onboarding / browser sign-in return,content,"Lists, hierarchy, density and pagination",pending,,
S059,onboarding / browser sign-in return,search,"Search, scope and filters",pending,,
S059,onboarding / browser sign-in return,loading,"Loading, background refresh and progress",pending,,
S059,onboarding / browser sign-in return,recovery,"Empty, error, denied and retry",pending,,
S059,onboarding / browser sign-in return,editing,"Draft, save, cancel, undo and interruption",pending,,
S059,onboarding / browser sign-in return,privacy,"Account scope, data use and permissions",pending,,
S059,onboarding / browser sign-in return,notifications,System notification entry and state,pending,,
S059,onboarding / browser sign-in return,media,"Camera, library, files and audio",pending,,
S059,onboarding / browser sign-in return,lifecycle,"Cold/warm start, blur, background and deep link",pending,,
S060,onboarding / household setup,task,Task clarity and platform-pattern fit,pending,,
S060,onboarding / household setup,navigation,"Navigation, hierarchy and return",pending,,
S060,onboarding / household setup,selection,Value selection and current value,pending,,
S060,onboarding / household setup,modality,Presentation and dismissal,pending,,
S060,onboarding / household setup,layout,"Safe areas, scroll edges and overlays",pending,,
S060,onboarding / household setup,adaptation,Phone/tablet/window reflow,source-reviewed,da766245; shared centered readable form and adjacent primary action; iPad landscape fixture pending,M17
S060,onboarding / household setup,typography,"Dynamic Type, wrapping and legibility",pending,,
S060,onboarding / household setup,appearance,"Light/dark, contrast and materials",pending,,
S060,onboarding / household setup,localization,"Locale, timezone, RTL and long strings",pending,,
S060,onboarding / household setup,imagery,"Icons, photos and missing media",pending,,
S060,onboarding / household setup,targets,Touch target size and reachability,pending,,
S060,onboarding / household setup,gestures,Gestures and explicit alternatives,pending,,
S060,onboarding / household setup,keyboard,"Keyboard, text entry and focus",pending,,
S060,onboarding / household setup,accessibility,"VoiceOver/TalkBack names, roles, states and order",pending,,
S060,onboarding / household setup,motion,Reduced motion and feedback alternatives,pending,,
S060,onboarding / household setup,content,"Lists, hierarchy, density and pagination",pending,,
S060,onboarding / household setup,search,"Search, scope and filters",pending,,
S060,onboarding / household setup,loading,"Loading, background refresh and progress",pending,,
S060,onboarding / household setup,recovery,"Empty, error, denied and retry",pending,,
S060,onboarding / household setup,editing,"Draft, save, cancel, undo and interruption",pending,,
S060,onboarding / household setup,privacy,"Account scope, data use and permissions",pending,,
S060,onboarding / household setup,notifications,System notification entry and state,pending,,
S060,onboarding / household setup,media,"Camera, library, files and audio",pending,,
S060,onboarding / household setup,lifecycle,"Cold/warm start, blur, background and deep link",pending,,
S061,onboarding / first inventory,task,Task clarity and platform-pattern fit,pending,,
S061,onboarding / first inventory,navigation,"Navigation, hierarchy and return",pending,,
S061,onboarding / first inventory,selection,Value selection and current value,pending,,
S061,onboarding / first inventory,modality,Presentation and dismissal,pending,,
S061,onboarding / first inventory,layout,"Safe areas, scroll edges and overlays",pending,,
S061,onboarding / first inventory,adaptation,Phone/tablet/window reflow,source-reviewed,da766245; shared centered readable form and adjacent primary action; iPad landscape fixture pending,M17
S061,onboarding / first inventory,typography,"Dynamic Type, wrapping and legibility",pending,,
S061,onboarding / first inventory,appearance,"Light/dark, contrast and materials",pending,,
S061,onboarding / first inventory,localization,"Locale, timezone, RTL and long strings",pending,,
S061,onboarding / first inventory,imagery,"Icons, photos and missing media",pending,,
S061,onboarding / first inventory,targets,Touch target size and reachability,pending,,
S061,onboarding / first inventory,gestures,Gestures and explicit alternatives,pending,,
S061,onboarding / first inventory,keyboard,"Keyboard, text entry and focus",pending,,
S061,onboarding / first inventory,accessibility,"VoiceOver/TalkBack names, roles, states and order",pending,,
S061,onboarding / first inventory,motion,Reduced motion and feedback alternatives,pending,,
S061,onboarding / first inventory,content,"Lists, hierarchy, density and pagination",pending,,
S061,onboarding / first inventory,search,"Search, scope and filters",pending,,
S061,onboarding / first inventory,loading,"Loading, background refresh and progress",pending,,
S061,onboarding / first inventory,recovery,"Empty, error, denied and retry",pending,,
S061,onboarding / first inventory,editing,"Draft, save, cancel, undo and interruption",pending,,
S061,onboarding / first inventory,privacy,"Account scope, data use and permissions",pending,,
S061,onboarding / first inventory,notifications,System notification entry and state,pending,,
S061,onboarding / first inventory,media,"Camera, library, files and audio",pending,,
S061,onboarding / first inventory,lifecycle,"Cold/warm start, blur, background and deep link",pending,,
S062,onboarding / partial setup recovery,task,Task clarity and platform-pattern fit,pending,,
S062,onboarding / partial setup recovery,navigation,"Navigation, hierarchy and return",pending,,
S062,onboarding / partial setup recovery,selection,Value selection and current value,pending,,
S062,onboarding / partial setup recovery,modality,Presentation and dismissal,pending,,
S062,onboarding / partial setup recovery,layout,"Safe areas, scroll edges and overlays",pending,,
S062,onboarding / partial setup recovery,adaptation,Phone/tablet/window reflow,source-reviewed,da766245; shared centered readable form and adjacent primary action; iPad landscape fixture pending,M17
S062,onboarding / partial setup recovery,typography,"Dynamic Type, wrapping and legibility",pending,,
S062,onboarding / partial setup recovery,appearance,"Light/dark, contrast and materials",pending,,
S062,onboarding / partial setup recovery,localization,"Locale, timezone, RTL and long strings",pending,,
S062,onboarding / partial setup recovery,imagery,"Icons, photos and missing media",pending,,
S062,onboarding / partial setup recovery,targets,Touch target size and reachability,pending,,
S062,onboarding / partial setup recovery,gestures,Gestures and explicit alternatives,pending,,
S062,onboarding / partial setup recovery,keyboard,"Keyboard, text entry and focus",pending,,
S062,onboarding / partial setup recovery,accessibility,"VoiceOver/TalkBack names, roles, states and order",pending,,
S062,onboarding / partial setup recovery,motion,Reduced motion and feedback alternatives,pending,,
S062,onboarding / partial setup recovery,content,"Lists, hierarchy, density and pagination",pending,,
S062,onboarding / partial setup recovery,search,"Search, scope and filters",pending,,
S062,onboarding / partial setup recovery,loading,"Loading, background refresh and progress",pending,,
S062,onboarding / partial setup recovery,recovery,"Empty, error, denied and retry",pending,,
S062,onboarding / partial setup recovery,editing,"Draft, save, cancel, undo and interruption",pending,,
S062,onboarding / partial setup recovery,privacy,"Account scope, data use and permissions",pending,,
S062,onboarding / partial setup recovery,notifications,System notification entry and state,pending,,
S062,onboarding / partial setup recovery,media,"Camera, library, files and audio",pending,,
S062,onboarding / partial setup recovery,lifecycle,"Cold/warm start, blur, background and deep link",pending,,
S063,Home / expiration summary,task,Task clarity and platform-pattern fit,pending,,
S063,Home / expiration summary,navigation,"Navigation, hierarchy and return",pending,,
S063,Home / expiration summary,selection,Value selection and current value,pending,,
S063,Home / expiration summary,modality,Presentation and dismissal,pending,,
S063,Home / expiration summary,layout,"Safe areas, scroll edges and overlays",pending,,
S063,Home / expiration summary,adaptation,Phone/tablet/window reflow,pending,,
S063,Home / expiration summary,typography,"Dynamic Type, wrapping and legibility",pending,,
S063,Home / expiration summary,appearance,"Light/dark, contrast and materials",pending,,
S063,Home / expiration summary,localization,"Locale, timezone, RTL and long strings",pending,,
S063,Home / expiration summary,imagery,"Icons, photos and missing media",pending,,
S063,Home / expiration summary,targets,Touch target size and reachability,pending,,
S063,Home / expiration summary,gestures,Gestures and explicit alternatives,pending,,
S063,Home / expiration summary,keyboard,"Keyboard, text entry and focus",pending,,
S063,Home / expiration summary,accessibility,"VoiceOver/TalkBack names, roles, states and order",pending,,
S063,Home / expiration summary,motion,Reduced motion and feedback alternatives,pending,,
S063,Home / expiration summary,content,"Lists, hierarchy, density and pagination",pending,,
S063,Home / expiration summary,search,"Search, scope and filters",pending,,
S063,Home / expiration summary,loading,"Loading, background refresh and progress",pending,,
S063,Home / expiration summary,recovery,"Empty, error, denied and retry",pending,,
S063,Home / expiration summary,editing,"Draft, save, cancel, undo and interruption",pending,,
S063,Home / expiration summary,privacy,"Account scope, data use and permissions",pending,,
S063,Home / expiration summary,notifications,System notification entry and state,pending,,
S063,Home / expiration summary,media,"Camera, library, files and audio",pending,,
S063,Home / expiration summary,lifecycle,"Cold/warm start, blur, background and deep link",pending,,
S064,Home / recent changes,task,Task clarity and platform-pattern fit,pending,,
S064,Home / recent changes,navigation,"Navigation, hierarchy and return",pending,,
S064,Home / recent changes,selection,Value selection and current value,pending,,
S064,Home / recent changes,modality,Presentation and dismissal,pending,,
S064,Home / recent changes,layout,"Safe areas, scroll edges and overlays",pending,,
S064,Home / recent changes,adaptation,Phone/tablet/window reflow,pending,,
S064,Home / recent changes,typography,"Dynamic Type, wrapping and legibility",pending,,
S064,Home / recent changes,appearance,"Light/dark, contrast and materials",pending,,
S064,Home / recent changes,localization,"Locale, timezone, RTL and long strings",pending,,
S064,Home / recent changes,imagery,"Icons, photos and missing media",pending,,
S064,Home / recent changes,targets,Touch target size and reachability,pending,,
S064,Home / recent changes,gestures,Gestures and explicit alternatives,pending,,
S064,Home / recent changes,keyboard,"Keyboard, text entry and focus",pending,,
S064,Home / recent changes,accessibility,"VoiceOver/TalkBack names, roles, states and order",pending,,
S064,Home / recent changes,motion,Reduced motion and feedback alternatives,pending,,
S064,Home / recent changes,content,"Lists, hierarchy, density and pagination",pending,,
S064,Home / recent changes,search,"Search, scope and filters",pending,,
S064,Home / recent changes,loading,"Loading, background refresh and progress",pending,,
S064,Home / recent changes,recovery,"Empty, error, denied and retry",pending,,
S064,Home / recent changes,editing,"Draft, save, cancel, undo and interruption",pending,,
S064,Home / recent changes,privacy,"Account scope, data use and permissions",pending,,
S064,Home / recent changes,notifications,System notification entry and state,pending,,
S064,Home / recent changes,media,"Camera, library, files and audio",pending,,
S064,Home / recent changes,lifecycle,"Cold/warm start, blur, background and deep link",pending,,
S065,Home / checked-out return,task,Task clarity and platform-pattern fit,pending,,
S065,Home / checked-out return,navigation,"Navigation, hierarchy and return",pending,,
S065,Home / checked-out return,selection,Value selection and current value,pending,,
S065,Home / checked-out return,modality,Presentation and dismissal,pending,,
S065,Home / checked-out return,layout,"Safe areas, scroll edges and overlays",pending,,
S065,Home / checked-out return,adaptation,Phone/tablet/window reflow,pending,,
S065,Home / checked-out return,typography,"Dynamic Type, wrapping and legibility",pending,,
S065,Home / checked-out return,appearance,"Light/dark, contrast and materials",pending,,
S065,Home / checked-out return,localization,"Locale, timezone, RTL and long strings",pending,,
S065,Home / checked-out return,imagery,"Icons, photos and missing media",pending,,
S065,Home / checked-out return,targets,Touch target size and reachability,pending,,
S065,Home / checked-out return,gestures,Gestures and explicit alternatives,pending,,
S065,Home / checked-out return,keyboard,"Keyboard, text entry and focus",pending,,
S065,Home / checked-out return,accessibility,"VoiceOver/TalkBack names, roles, states and order",pending,,
S065,Home / checked-out return,motion,Reduced motion and feedback alternatives,pending,,
S065,Home / checked-out return,content,"Lists, hierarchy, density and pagination",pending,,
S065,Home / checked-out return,search,"Search, scope and filters",pending,,
S065,Home / checked-out return,loading,"Loading, background refresh and progress",pending,,
S065,Home / checked-out return,recovery,"Empty, error, denied and retry",pending,,
S065,Home / checked-out return,editing,"Draft, save, cancel, undo and interruption",pending,,
S065,Home / checked-out return,privacy,"Account scope, data use and permissions",pending,,
S065,Home / checked-out return,notifications,System notification entry and state,pending,,
S065,Home / checked-out return,media,"Camera, library, files and audio",pending,,
S065,Home / checked-out return,lifecycle,"Cold/warm start, blur, background and deep link",pending,,
S066,Home / native action header,task,Task clarity and platform-pattern fit,pending,,
S066,Home / native action header,navigation,"Navigation, hierarchy and return",pending,,
S066,Home / native action header,selection,Value selection and current value,pending,,
S066,Home / native action header,modality,Presentation and dismissal,pending,,
S066,Home / native action header,layout,"Safe areas, scroll edges and overlays",pending,,
S066,Home / native action header,adaptation,Phone/tablet/window reflow,pending,,
S066,Home / native action header,typography,"Dynamic Type, wrapping and legibility",pending,,
S066,Home / native action header,appearance,"Light/dark, contrast and materials",pending,,
S066,Home / native action header,localization,"Locale, timezone, RTL and long strings",pending,,
S066,Home / native action header,imagery,"Icons, photos and missing media",pending,,
S066,Home / native action header,targets,Touch target size and reachability,pending,,
S066,Home / native action header,gestures,Gestures and explicit alternatives,pending,,
S066,Home / native action header,keyboard,"Keyboard, text entry and focus",pending,,
S066,Home / native action header,accessibility,"VoiceOver/TalkBack names, roles, states and order",pending,,
S066,Home / native action header,motion,Reduced motion and feedback alternatives,pending,,
S066,Home / native action header,content,"Lists, hierarchy, density and pagination",pending,,
S066,Home / native action header,search,"Search, scope and filters",pending,,
S066,Home / native action header,loading,"Loading, background refresh and progress",pending,,
S066,Home / native action header,recovery,"Empty, error, denied and retry",pending,,
S066,Home / native action header,editing,"Draft, save, cancel, undo and interruption",pending,,
S066,Home / native action header,privacy,"Account scope, data use and permissions",pending,,
S066,Home / native action header,notifications,System notification entry and state,pending,,
S066,Home / native action header,media,"Camera, library, files and audio",pending,,
S066,Home / native action header,lifecycle,"Cold/warm start, blur, background and deep link",pending,,
S067,Browse / list grid,task,Task clarity and platform-pattern fit,pending,,
S067,Browse / list grid,navigation,"Navigation, hierarchy and return",pending,,
S067,Browse / list grid,selection,Value selection and current value,pending,,
S067,Browse / list grid,modality,Presentation and dismissal,pending,,
S067,Browse / list grid,layout,"Safe areas, scroll edges and overlays",pending,,
S067,Browse / list grid,adaptation,Phone/tablet/window reflow,pending,,
S067,Browse / list grid,typography,"Dynamic Type, wrapping and legibility",pending,,
S067,Browse / list grid,appearance,"Light/dark, contrast and materials",pending,,
S067,Browse / list grid,localization,"Locale, timezone, RTL and long strings",pending,,
S067,Browse / list grid,imagery,"Icons, photos and missing media",pending,,
S067,Browse / list grid,targets,Touch target size and reachability,pending,,
S067,Browse / list grid,gestures,Gestures and explicit alternatives,pending,,
S067,Browse / list grid,keyboard,"Keyboard, text entry and focus",pending,,
S067,Browse / list grid,accessibility,"VoiceOver/TalkBack names, roles, states and order",pending,,
S067,Browse / list grid,motion,Reduced motion and feedback alternatives,pending,,
S067,Browse / list grid,content,"Lists, hierarchy, density and pagination",pending,,
S067,Browse / list grid,search,"Search, scope and filters",pending,,
S067,Browse / list grid,loading,"Loading, background refresh and progress",source-reviewed,Refresh owners inspected and migrated to usePullRefresh; blur/generation/duplicate tests plus real query-cache and inbox regression; underlying errors retained. Native scroll presentation pending.,M05
S067,Browse / list grid,recovery,"Empty, error, denied and retry",pending,,
S067,Browse / list grid,editing,"Draft, save, cancel, undo and interruption",pending,,
S067,Browse / list grid,privacy,"Account scope, data use and permissions",pending,,
S067,Browse / list grid,notifications,System notification entry and state,pending,,
S067,Browse / list grid,media,"Camera, library, files and audio",pending,,
S067,Browse / list grid,lifecycle,"Cold/warm start, blur, background and deep link",source-reviewed,Refresh owners inspected and migrated to usePullRefresh; blur/generation/duplicate tests plus real query-cache and inbox regression; underlying errors retained. Native scroll presentation pending.,M05
S068,Browse / containment map columns,task,Task clarity and platform-pattern fit,pending,,
S068,Browse / containment map columns,navigation,"Navigation, hierarchy and return",pending,,
S068,Browse / containment map columns,selection,Value selection and current value,pending,,
S068,Browse / containment map columns,modality,Presentation and dismissal,pending,,
S068,Browse / containment map columns,layout,"Safe areas, scroll edges and overlays",pending,,
S068,Browse / containment map columns,adaptation,Phone/tablet/window reflow,pending,,
S068,Browse / containment map columns,typography,"Dynamic Type, wrapping and legibility",pending,,
S068,Browse / containment map columns,appearance,"Light/dark, contrast and materials",pending,,
S068,Browse / containment map columns,localization,"Locale, timezone, RTL and long strings",pending,,
S068,Browse / containment map columns,imagery,"Icons, photos and missing media",pending,,
S068,Browse / containment map columns,targets,Touch target size and reachability,pending,,
S068,Browse / containment map columns,gestures,Gestures and explicit alternatives,pending,,
S068,Browse / containment map columns,keyboard,"Keyboard, text entry and focus",pending,,
S068,Browse / containment map columns,accessibility,"VoiceOver/TalkBack names, roles, states and order",pending,,
S068,Browse / containment map columns,motion,Reduced motion and feedback alternatives,pending,,
S068,Browse / containment map columns,content,"Lists, hierarchy, density and pagination",pending,,
S068,Browse / containment map columns,search,"Search, scope and filters",pending,,
S068,Browse / containment map columns,loading,"Loading, background refresh and progress",source-reviewed,Refresh owners inspected and migrated to usePullRefresh; blur/generation/duplicate tests plus real query-cache and inbox regression; underlying errors retained. Native scroll presentation pending.,M05
S068,Browse / containment map columns,recovery,"Empty, error, denied and retry",pending,,
S068,Browse / containment map columns,editing,"Draft, save, cancel, undo and interruption",pending,,
S068,Browse / containment map columns,privacy,"Account scope, data use and permissions",pending,,
S068,Browse / containment map columns,notifications,System notification entry and state,pending,,
S068,Browse / containment map columns,media,"Camera, library, files and audio",pending,,
S068,Browse / containment map columns,lifecycle,"Cold/warm start, blur, background and deep link",source-reviewed,Refresh owners inspected and migrated to usePullRefresh; blur/generation/duplicate tests plus real query-cache and inbox regression; underlying errors retained. Native scroll presentation pending.,M05
S069,Browse / map search path,task,Task clarity and platform-pattern fit,pending,,
S069,Browse / map search path,navigation,"Navigation, hierarchy and return",pending,,
S069,Browse / map search path,selection,Value selection and current value,pending,,
S069,Browse / map search path,modality,Presentation and dismissal,pending,,
S069,Browse / map search path,layout,"Safe areas, scroll edges and overlays",pending,,
S069,Browse / map search path,adaptation,Phone/tablet/window reflow,pending,,
S069,Browse / map search path,typography,"Dynamic Type, wrapping and legibility",pending,,
S069,Browse / map search path,appearance,"Light/dark, contrast and materials",pending,,
S069,Browse / map search path,localization,"Locale, timezone, RTL and long strings",pending,,
S069,Browse / map search path,imagery,"Icons, photos and missing media",pending,,
S069,Browse / map search path,targets,Touch target size and reachability,pending,,
S069,Browse / map search path,gestures,Gestures and explicit alternatives,pending,,
S069,Browse / map search path,keyboard,"Keyboard, text entry and focus",pending,,
S069,Browse / map search path,accessibility,"VoiceOver/TalkBack names, roles, states and order",pending,,
S069,Browse / map search path,motion,Reduced motion and feedback alternatives,pending,,
S069,Browse / map search path,content,"Lists, hierarchy, density and pagination",pending,,
S069,Browse / map search path,search,"Search, scope and filters",pending,,
S069,Browse / map search path,loading,"Loading, background refresh and progress",pending,,
S069,Browse / map search path,recovery,"Empty, error, denied and retry",pending,,
S069,Browse / map search path,editing,"Draft, save, cancel, undo and interruption",pending,,
S069,Browse / map search path,privacy,"Account scope, data use and permissions",pending,,
S069,Browse / map search path,notifications,System notification entry and state,pending,,
S069,Browse / map search path,media,"Camera, library, files and audio",pending,,
S069,Browse / map search path,lifecycle,"Cold/warm start, blur, background and deep link",pending,,
S070,Browse / list search,task,Task clarity and platform-pattern fit,pending,,
S070,Browse / list search,navigation,"Navigation, hierarchy and return",pending,,
S070,Browse / list search,selection,Value selection and current value,pending,,
S070,Browse / list search,modality,Presentation and dismissal,pending,,
S070,Browse / list search,layout,"Safe areas, scroll edges and overlays",pending,,
S070,Browse / list search,adaptation,Phone/tablet/window reflow,pending,,
S070,Browse / list search,typography,"Dynamic Type, wrapping and legibility",pending,,
S070,Browse / list search,appearance,"Light/dark, contrast and materials",pending,,
S070,Browse / list search,localization,"Locale, timezone, RTL and long strings",pending,,
S070,Browse / list search,imagery,"Icons, photos and missing media",pending,,
S070,Browse / list search,targets,Touch target size and reachability,pending,,
S070,Browse / list search,gestures,Gestures and explicit alternatives,pending,,
S070,Browse / list search,keyboard,"Keyboard, text entry and focus",pending,,
S070,Browse / list search,accessibility,"VoiceOver/TalkBack names, roles, states and order",pending,,
S070,Browse / list search,motion,Reduced motion and feedback alternatives,pending,,
S070,Browse / list search,content,"Lists, hierarchy, density and pagination",pending,,
S070,Browse / list search,search,"Search, scope and filters",pending,,
S070,Browse / list search,loading,"Loading, background refresh and progress",pending,,
S070,Browse / list search,recovery,"Empty, error, denied and retry",pending,,
S070,Browse / list search,editing,"Draft, save, cancel, undo and interruption",pending,,
S070,Browse / list search,privacy,"Account scope, data use and permissions",pending,,
S070,Browse / list search,notifications,System notification entry and state,pending,,
S070,Browse / list search,media,"Camera, library, files and audio",pending,,
S070,Browse / list search,lifecycle,"Cold/warm start, blur, background and deep link",pending,,
S071,Browse / filter overview,task,Task clarity and platform-pattern fit,source-reviewed,BrowseFiltersScreen and ExpirationFiltersScreen: short choices stay in draft; complex choices retain selection pages; remote behavior and native adapter contracts. Native runtime pending.,M01
S071,Browse / filter overview,navigation,"Navigation, hierarchy and return",source-reviewed,BrowseFiltersScreen and ExpirationFiltersScreen: short choices stay in draft; complex choices retain selection pages; remote behavior and native adapter contracts. Native runtime pending.,M01
S071,Browse / filter overview,selection,Value selection and current value,source-reviewed,BrowseFiltersScreen and ExpirationFiltersScreen: short choices stay in draft; complex choices retain selection pages; remote behavior and native adapter contracts. Native runtime pending.,M01
S071,Browse / filter overview,modality,Presentation and dismissal,pending,,
S071,Browse / filter overview,layout,"Safe areas, scroll edges and overlays",pending,,
S071,Browse / filter overview,adaptation,Phone/tablet/window reflow,pending,,
S071,Browse / filter overview,typography,"Dynamic Type, wrapping and legibility",pending,,
S071,Browse / filter overview,appearance,"Light/dark, contrast and materials",pending,,
S071,Browse / filter overview,localization,"Locale, timezone, RTL and long strings",pending,,
S071,Browse / filter overview,imagery,"Icons, photos and missing media",pending,,
S071,Browse / filter overview,targets,Touch target size and reachability,pending,,
S071,Browse / filter overview,gestures,Gestures and explicit alternatives,pending,,
S071,Browse / filter overview,keyboard,"Keyboard, text entry and focus",pending,,
S071,Browse / filter overview,accessibility,"VoiceOver/TalkBack names, roles, states and order",pending,,
S071,Browse / filter overview,motion,Reduced motion and feedback alternatives,pending,,
S071,Browse / filter overview,content,"Lists, hierarchy, density and pagination",pending,,
S071,Browse / filter overview,search,"Search, scope and filters",pending,,
S071,Browse / filter overview,loading,"Loading, background refresh and progress",pending,,
S071,Browse / filter overview,recovery,"Empty, error, denied and retry",pending,,
S071,Browse / filter overview,editing,"Draft, save, cancel, undo and interruption",source-reviewed,BrowseFiltersScreen and ExpirationFiltersScreen: short choices stay in draft; complex choices retain selection pages; remote behavior and native adapter contracts. Native runtime pending.,M01
S071,Browse / filter overview,privacy,"Account scope, data use and permissions",pending,,
S071,Browse / filter overview,notifications,System notification entry and state,pending,,
S071,Browse / filter overview,media,"Camera, library, files and audio",pending,,
S071,Browse / filter overview,lifecycle,"Cold/warm start, blur, background and deep link",pending,,
S072,Browse / tag selection,task,Task clarity and platform-pattern fit,pending,,
S072,Browse / tag selection,navigation,"Navigation, hierarchy and return",pending,,
S072,Browse / tag selection,selection,Value selection and current value,pending,,
S072,Browse / tag selection,modality,Presentation and dismissal,pending,,
S072,Browse / tag selection,layout,"Safe areas, scroll edges and overlays",pending,,
S072,Browse / tag selection,adaptation,Phone/tablet/window reflow,pending,,
S072,Browse / tag selection,typography,"Dynamic Type, wrapping and legibility",pending,,
S072,Browse / tag selection,appearance,"Light/dark, contrast and materials",pending,,
S072,Browse / tag selection,localization,"Locale, timezone, RTL and long strings",pending,,
S072,Browse / tag selection,imagery,"Icons, photos and missing media",pending,,
S072,Browse / tag selection,targets,Touch target size and reachability,pending,,
S072,Browse / tag selection,gestures,Gestures and explicit alternatives,pending,,
S072,Browse / tag selection,keyboard,"Keyboard, text entry and focus",pending,,
S072,Browse / tag selection,accessibility,"VoiceOver/TalkBack names, roles, states and order",pending,,
S072,Browse / tag selection,motion,Reduced motion and feedback alternatives,pending,,
S072,Browse / tag selection,content,"Lists, hierarchy, density and pagination",pending,,
S072,Browse / tag selection,search,"Search, scope and filters",pending,,
S072,Browse / tag selection,loading,"Loading, background refresh and progress",pending,,
S072,Browse / tag selection,recovery,"Empty, error, denied and retry",pending,,
S072,Browse / tag selection,editing,"Draft, save, cancel, undo and interruption",pending,,
S072,Browse / tag selection,privacy,"Account scope, data use and permissions",pending,,
S072,Browse / tag selection,notifications,System notification entry and state,pending,,
S072,Browse / tag selection,media,"Camera, library, files and audio",pending,,
S072,Browse / tag selection,lifecycle,"Cold/warm start, blur, background and deep link",pending,,
S073,Browse / expiration handoff,task,Task clarity and platform-pattern fit,pending,,
S073,Browse / expiration handoff,navigation,"Navigation, hierarchy and return",pending,,
S073,Browse / expiration handoff,selection,Value selection and current value,pending,,
S073,Browse / expiration handoff,modality,Presentation and dismissal,pending,,
S073,Browse / expiration handoff,layout,"Safe areas, scroll edges and overlays",pending,,
S073,Browse / expiration handoff,adaptation,Phone/tablet/window reflow,pending,,
S073,Browse / expiration handoff,typography,"Dynamic Type, wrapping and legibility",pending,,
S073,Browse / expiration handoff,appearance,"Light/dark, contrast and materials",pending,,
S073,Browse / expiration handoff,localization,"Locale, timezone, RTL and long strings",pending,,
S073,Browse / expiration handoff,imagery,"Icons, photos and missing media",pending,,
S073,Browse / expiration handoff,targets,Touch target size and reachability,pending,,
S073,Browse / expiration handoff,gestures,Gestures and explicit alternatives,pending,,
S073,Browse / expiration handoff,keyboard,"Keyboard, text entry and focus",pending,,
S073,Browse / expiration handoff,accessibility,"VoiceOver/TalkBack names, roles, states and order",pending,,
S073,Browse / expiration handoff,motion,Reduced motion and feedback alternatives,pending,,
S073,Browse / expiration handoff,content,"Lists, hierarchy, density and pagination",pending,,
S073,Browse / expiration handoff,search,"Search, scope and filters",pending,,
S073,Browse / expiration handoff,loading,"Loading, background refresh and progress",pending,,
S073,Browse / expiration handoff,recovery,"Empty, error, denied and retry",pending,,
S073,Browse / expiration handoff,editing,"Draft, save, cancel, undo and interruption",pending,,
S073,Browse / expiration handoff,privacy,"Account scope, data use and permissions",pending,,
S073,Browse / expiration handoff,notifications,System notification entry and state,pending,,
S073,Browse / expiration handoff,media,"Camera, library, files and audio",pending,,
S073,Browse / expiration handoff,lifecycle,"Cold/warm start, blur, background and deep link",pending,,
S074,Expiration / soon expired all dates,task,Task clarity and platform-pattern fit,pending,,
S074,Expiration / soon expired all dates,navigation,"Navigation, hierarchy and return",pending,,
S074,Expiration / soon expired all dates,selection,Value selection and current value,pending,,
S074,Expiration / soon expired all dates,modality,Presentation and dismissal,pending,,
S074,Expiration / soon expired all dates,layout,"Safe areas, scroll edges and overlays",pending,,
S074,Expiration / soon expired all dates,adaptation,Phone/tablet/window reflow,pending,,
S074,Expiration / soon expired all dates,typography,"Dynamic Type, wrapping and legibility",pending,,
S074,Expiration / soon expired all dates,appearance,"Light/dark, contrast and materials",pending,,
S074,Expiration / soon expired all dates,localization,"Locale, timezone, RTL and long strings",pending,,
S074,Expiration / soon expired all dates,imagery,"Icons, photos and missing media",pending,,
S074,Expiration / soon expired all dates,targets,Touch target size and reachability,pending,,
S074,Expiration / soon expired all dates,gestures,Gestures and explicit alternatives,pending,,
S074,Expiration / soon expired all dates,keyboard,"Keyboard, text entry and focus",pending,,
S074,Expiration / soon expired all dates,accessibility,"VoiceOver/TalkBack names, roles, states and order",pending,,
S074,Expiration / soon expired all dates,motion,Reduced motion and feedback alternatives,pending,,
S074,Expiration / soon expired all dates,content,"Lists, hierarchy, density and pagination",pending,,
S074,Expiration / soon expired all dates,search,"Search, scope and filters",pending,,
S074,Expiration / soon expired all dates,loading,"Loading, background refresh and progress",source-reviewed,Refresh owners inspected and migrated to usePullRefresh; blur/generation/duplicate tests plus real query-cache and inbox regression; underlying errors retained. Native scroll presentation pending.,M05
S074,Expiration / soon expired all dates,recovery,"Empty, error, denied and retry",pending,,
S074,Expiration / soon expired all dates,editing,"Draft, save, cancel, undo and interruption",pending,,
S074,Expiration / soon expired all dates,privacy,"Account scope, data use and permissions",pending,,
S074,Expiration / soon expired all dates,notifications,System notification entry and state,pending,,
S074,Expiration / soon expired all dates,media,"Camera, library, files and audio",pending,,
S074,Expiration / soon expired all dates,lifecycle,"Cold/warm start, blur, background and deep link",source-reviewed,Refresh owners inspected and migrated to usePullRefresh; blur/generation/duplicate tests plus real query-cache and inbox regression; underlying errors retained. Native scroll presentation pending.,M05
S075,Expiration / filter overview,task,Task clarity and platform-pattern fit,source-reviewed,BrowseFiltersScreen and ExpirationFiltersScreen: short choices stay in draft; complex choices retain selection pages; remote behavior and native adapter contracts. Native runtime pending.,M01
S075,Expiration / filter overview,navigation,"Navigation, hierarchy and return",source-reviewed,BrowseFiltersScreen and ExpirationFiltersScreen: short choices stay in draft; complex choices retain selection pages; remote behavior and native adapter contracts. Native runtime pending.,M01
S075,Expiration / filter overview,selection,Value selection and current value,source-reviewed,BrowseFiltersScreen and ExpirationFiltersScreen: short choices stay in draft; complex choices retain selection pages; remote behavior and native adapter contracts. Native runtime pending.,M01
S075,Expiration / filter overview,modality,Presentation and dismissal,pending,,
S075,Expiration / filter overview,layout,"Safe areas, scroll edges and overlays",pending,,
S075,Expiration / filter overview,adaptation,Phone/tablet/window reflow,pending,,
S075,Expiration / filter overview,typography,"Dynamic Type, wrapping and legibility",pending,,
S075,Expiration / filter overview,appearance,"Light/dark, contrast and materials",pending,,
S075,Expiration / filter overview,localization,"Locale, timezone, RTL and long strings",pending,,
S075,Expiration / filter overview,imagery,"Icons, photos and missing media",pending,,
S075,Expiration / filter overview,targets,Touch target size and reachability,pending,,
S075,Expiration / filter overview,gestures,Gestures and explicit alternatives,pending,,
S075,Expiration / filter overview,keyboard,"Keyboard, text entry and focus",pending,,
S075,Expiration / filter overview,accessibility,"VoiceOver/TalkBack names, roles, states and order",pending,,
S075,Expiration / filter overview,motion,Reduced motion and feedback alternatives,pending,,
S075,Expiration / filter overview,content,"Lists, hierarchy, density and pagination",pending,,
S075,Expiration / filter overview,search,"Search, scope and filters",pending,,
S075,Expiration / filter overview,loading,"Loading, background refresh and progress",pending,,
S075,Expiration / filter overview,recovery,"Empty, error, denied and retry",pending,,
S075,Expiration / filter overview,editing,"Draft, save, cancel, undo and interruption",source-reviewed,BrowseFiltersScreen and ExpirationFiltersScreen: short choices stay in draft; complex choices retain selection pages; remote behavior and native adapter contracts. Native runtime pending.,M01
S075,Expiration / filter overview,privacy,"Account scope, data use and permissions",pending,,
S075,Expiration / filter overview,notifications,System notification entry and state,pending,,
S075,Expiration / filter overview,media,"Camera, library, files and audio",pending,,
S075,Expiration / filter overview,lifecycle,"Cold/warm start, blur, background and deep link",pending,,
S076,Expiration / types selection,task,Task clarity and platform-pattern fit,pending,,
S076,Expiration / types selection,navigation,"Navigation, hierarchy and return",pending,,
S076,Expiration / types selection,selection,Value selection and current value,pending,,
S076,Expiration / types selection,modality,Presentation and dismissal,pending,,
S076,Expiration / types selection,layout,"Safe areas, scroll edges and overlays",pending,,
S076,Expiration / types selection,adaptation,Phone/tablet/window reflow,pending,,
S076,Expiration / types selection,typography,"Dynamic Type, wrapping and legibility",pending,,
S076,Expiration / types selection,appearance,"Light/dark, contrast and materials",pending,,
S076,Expiration / types selection,localization,"Locale, timezone, RTL and long strings",pending,,
S076,Expiration / types selection,imagery,"Icons, photos and missing media",pending,,
S076,Expiration / types selection,targets,Touch target size and reachability,pending,,
S076,Expiration / types selection,gestures,Gestures and explicit alternatives,pending,,
S076,Expiration / types selection,keyboard,"Keyboard, text entry and focus",pending,,
S076,Expiration / types selection,accessibility,"VoiceOver/TalkBack names, roles, states and order",pending,,
S076,Expiration / types selection,motion,Reduced motion and feedback alternatives,pending,,
S076,Expiration / types selection,content,"Lists, hierarchy, density and pagination",pending,,
S076,Expiration / types selection,search,"Search, scope and filters",pending,,
S076,Expiration / types selection,loading,"Loading, background refresh and progress",pending,,
S076,Expiration / types selection,recovery,"Empty, error, denied and retry",pending,,
S076,Expiration / types selection,editing,"Draft, save, cancel, undo and interruption",pending,,
S076,Expiration / types selection,privacy,"Account scope, data use and permissions",pending,,
S076,Expiration / types selection,notifications,System notification entry and state,pending,,
S076,Expiration / types selection,media,"Camera, library, files and audio",pending,,
S076,Expiration / types selection,lifecycle,"Cold/warm start, blur, background and deep link",pending,,
S077,Expiration / tags selection,task,Task clarity and platform-pattern fit,pending,,
S077,Expiration / tags selection,navigation,"Navigation, hierarchy and return",pending,,
S077,Expiration / tags selection,selection,Value selection and current value,source-reviewed,ExpirationFiltersScreen tags branch uses independent checkbox checked states; select2/remove1/apply test. VoiceOver/TalkBack pending.,M10
S077,Expiration / tags selection,modality,Presentation and dismissal,pending,,
S077,Expiration / tags selection,layout,"Safe areas, scroll edges and overlays",pending,,
S077,Expiration / tags selection,adaptation,Phone/tablet/window reflow,pending,,
S077,Expiration / tags selection,typography,"Dynamic Type, wrapping and legibility",pending,,
S077,Expiration / tags selection,appearance,"Light/dark, contrast and materials",pending,,
S077,Expiration / tags selection,localization,"Locale, timezone, RTL and long strings",pending,,
S077,Expiration / tags selection,imagery,"Icons, photos and missing media",pending,,
S077,Expiration / tags selection,targets,Touch target size and reachability,pending,,
S077,Expiration / tags selection,gestures,Gestures and explicit alternatives,pending,,
S077,Expiration / tags selection,keyboard,"Keyboard, text entry and focus",pending,,
S077,Expiration / tags selection,accessibility,"VoiceOver/TalkBack names, roles, states and order",source-reviewed,ExpirationFiltersScreen tags branch uses independent checkbox checked states; select2/remove1/apply test. VoiceOver/TalkBack pending.,M10
S077,Expiration / tags selection,motion,Reduced motion and feedback alternatives,pending,,
S077,Expiration / tags selection,content,"Lists, hierarchy, density and pagination",pending,,
S077,Expiration / tags selection,search,"Search, scope and filters",pending,,
S077,Expiration / tags selection,loading,"Loading, background refresh and progress",pending,,
S077,Expiration / tags selection,recovery,"Empty, error, denied and retry",pending,,
S077,Expiration / tags selection,editing,"Draft, save, cancel, undo and interruption",source-reviewed,ExpirationFiltersScreen tags branch uses independent checkbox checked states; select2/remove1/apply test. VoiceOver/TalkBack pending.,M10
S077,Expiration / tags selection,privacy,"Account scope, data use and permissions",pending,,
S077,Expiration / tags selection,notifications,System notification entry and state,pending,,
S077,Expiration / tags selection,media,"Camera, library, files and audio",pending,,
S077,Expiration / tags selection,lifecycle,"Cold/warm start, blur, background and deep link",pending,,
S078,Expiration / locations selection,task,Task clarity and platform-pattern fit,pending,,
S078,Expiration / locations selection,navigation,"Navigation, hierarchy and return",pending,,
S078,Expiration / locations selection,selection,Value selection and current value,source-reviewed,"Expiration choices use LocationsQuery pathLabel from authorized active-tree ancestry, with partial-path indication and stable IDs. Integration fixture covers duplicate names; runtime pending.",M09
S078,Expiration / locations selection,modality,Presentation and dismissal,pending,,
S078,Expiration / locations selection,layout,"Safe areas, scroll edges and overlays",pending,,
S078,Expiration / locations selection,adaptation,Phone/tablet/window reflow,pending,,
S078,Expiration / locations selection,typography,"Dynamic Type, wrapping and legibility",pending,,
S078,Expiration / locations selection,appearance,"Light/dark, contrast and materials",pending,,
S078,Expiration / locations selection,localization,"Locale, timezone, RTL and long strings",pending,,
S078,Expiration / locations selection,imagery,"Icons, photos and missing media",pending,,
S078,Expiration / locations selection,targets,Touch target size and reachability,pending,,
S078,Expiration / locations selection,gestures,Gestures and explicit alternatives,pending,,
S078,Expiration / locations selection,keyboard,"Keyboard, text entry and focus",pending,,
S078,Expiration / locations selection,accessibility,"VoiceOver/TalkBack names, roles, states and order",pending,,
S078,Expiration / locations selection,motion,Reduced motion and feedback alternatives,pending,,
S078,Expiration / locations selection,content,"Lists, hierarchy, density and pagination",source-reviewed,"Expiration choices use LocationsQuery pathLabel from authorized active-tree ancestry, with partial-path indication and stable IDs. Integration fixture covers duplicate names; runtime pending.",M09
S078,Expiration / locations selection,search,"Search, scope and filters",source-reviewed,"Expiration choices use LocationsQuery pathLabel from authorized active-tree ancestry, with partial-path indication and stable IDs. Integration fixture covers duplicate names; runtime pending.",M09
S078,Expiration / locations selection,loading,"Loading, background refresh and progress",pending,,
S078,Expiration / locations selection,recovery,"Empty, error, denied and retry",pending,,
S078,Expiration / locations selection,editing,"Draft, save, cancel, undo and interruption",pending,,
S078,Expiration / locations selection,privacy,"Account scope, data use and permissions",pending,,
S078,Expiration / locations selection,notifications,System notification entry and state,pending,,
S078,Expiration / locations selection,media,"Camera, library, files and audio",pending,,
S078,Expiration / locations selection,lifecycle,"Cold/warm start, blur, background and deep link",pending,,
S079,Expiration / date range,task,Task clarity and platform-pattern fit,pending,,
S079,Expiration / date range,navigation,"Navigation, hierarchy and return",pending,,
S079,Expiration / date range,selection,Value selection and current value,pending,,
S079,Expiration / date range,modality,Presentation and dismissal,pending,,
S079,Expiration / date range,layout,"Safe areas, scroll edges and overlays",pending,,
S079,Expiration / date range,adaptation,Phone/tablet/window reflow,pending,,
S079,Expiration / date range,typography,"Dynamic Type, wrapping and legibility",pending,,
S079,Expiration / date range,appearance,"Light/dark, contrast and materials",pending,,
S079,Expiration / date range,localization,"Locale, timezone, RTL and long strings",pending,,
S079,Expiration / date range,imagery,"Icons, photos and missing media",pending,,
S079,Expiration / date range,targets,Touch target size and reachability,pending,,
S079,Expiration / date range,gestures,Gestures and explicit alternatives,pending,,
S079,Expiration / date range,keyboard,"Keyboard, text entry and focus",pending,,
S079,Expiration / date range,accessibility,"VoiceOver/TalkBack names, roles, states and order",pending,,
S079,Expiration / date range,motion,Reduced motion and feedback alternatives,pending,,
S079,Expiration / date range,content,"Lists, hierarchy, density and pagination",pending,,
S079,Expiration / date range,search,"Search, scope and filters",pending,,
S079,Expiration / date range,loading,"Loading, background refresh and progress",pending,,
S079,Expiration / date range,recovery,"Empty, error, denied and retry",pending,,
S079,Expiration / date range,editing,"Draft, save, cancel, undo and interruption",pending,,
S079,Expiration / date range,privacy,"Account scope, data use and permissions",pending,,
S079,Expiration / date range,notifications,System notification entry and state,pending,,
S079,Expiration / date range,media,"Camera, library, files and audio",pending,,
S079,Expiration / date range,lifecycle,"Cold/warm start, blur, background and deep link",pending,,
S080,Inventory switcher / inventory list,task,Task clarity and platform-pattern fit,pending,,
S080,Inventory switcher / inventory list,navigation,"Navigation, hierarchy and return",source-reviewed,"TenantSwitcherSheetScreen: identity-based initial household, bounded ScrollView, native Close, safe retry and abort/pending protection; real command/cache tests. Sheet reachability at large text pending.",M07
S080,Inventory switcher / inventory list,selection,Value selection and current value,source-reviewed,"TenantSwitcherSheetScreen: identity-based initial household, bounded ScrollView, native Close, safe retry and abort/pending protection; real command/cache tests. Sheet reachability at large text pending.",M07
S080,Inventory switcher / inventory list,modality,Presentation and dismissal,pending,,
S080,Inventory switcher / inventory list,layout,"Safe areas, scroll edges and overlays",source-reviewed,"TenantSwitcherSheetScreen: identity-based initial household, bounded ScrollView, native Close, safe retry and abort/pending protection; real command/cache tests. Sheet reachability at large text pending.",M07
S080,Inventory switcher / inventory list,adaptation,Phone/tablet/window reflow,pending,,
S080,Inventory switcher / inventory list,typography,"Dynamic Type, wrapping and legibility",pending,,
S080,Inventory switcher / inventory list,appearance,"Light/dark, contrast and materials",pending,,
S080,Inventory switcher / inventory list,localization,"Locale, timezone, RTL and long strings",pending,,
S080,Inventory switcher / inventory list,imagery,"Icons, photos and missing media",pending,,
S080,Inventory switcher / inventory list,targets,Touch target size and reachability,source-reviewed,"TenantSwitcherSheetScreen: identity-based initial household, bounded ScrollView, native Close, safe retry and abort/pending protection; real command/cache tests. Sheet reachability at large text pending.",M07
S080,Inventory switcher / inventory list,gestures,Gestures and explicit alternatives,pending,,
S080,Inventory switcher / inventory list,keyboard,"Keyboard, text entry and focus",pending,,
S080,Inventory switcher / inventory list,accessibility,"VoiceOver/TalkBack names, roles, states and order",pending,,
S080,Inventory switcher / inventory list,motion,Reduced motion and feedback alternatives,pending,,
S080,Inventory switcher / inventory list,content,"Lists, hierarchy, density and pagination",pending,,
S080,Inventory switcher / inventory list,search,"Search, scope and filters",pending,,
S080,Inventory switcher / inventory list,loading,"Loading, background refresh and progress",pending,,
S080,Inventory switcher / inventory list,recovery,"Empty, error, denied and retry",source-reviewed,"TenantSwitcherSheetScreen: identity-based initial household, bounded ScrollView, native Close, safe retry and abort/pending protection; real command/cache tests. Sheet reachability at large text pending.",M07
S080,Inventory switcher / inventory list,editing,"Draft, save, cancel, undo and interruption",pending,,
S080,Inventory switcher / inventory list,privacy,"Account scope, data use and permissions",pending,,
S080,Inventory switcher / inventory list,notifications,System notification entry and state,pending,,
S080,Inventory switcher / inventory list,media,"Camera, library, files and audio",pending,,
S080,Inventory switcher / inventory list,lifecycle,"Cold/warm start, blur, background and deep link",source-reviewed,"TenantSwitcherSheetScreen: identity-based initial household, bounded ScrollView, native Close, safe retry and abort/pending protection; real command/cache tests. Sheet reachability at large text pending.",M07
S081,Inventory switcher / household list,task,Task clarity and platform-pattern fit,pending,,
S081,Inventory switcher / household list,navigation,"Navigation, hierarchy and return",source-reviewed,"TenantSwitcherSheetScreen: identity-based initial household, bounded ScrollView, native Close, safe retry and abort/pending protection; real command/cache tests. Sheet reachability at large text pending.",M07
S081,Inventory switcher / household list,selection,Value selection and current value,source-reviewed,"TenantSwitcherSheetScreen: identity-based initial household, bounded ScrollView, native Close, safe retry and abort/pending protection; real command/cache tests. Sheet reachability at large text pending.",M07
S081,Inventory switcher / household list,modality,Presentation and dismissal,pending,,
S081,Inventory switcher / household list,layout,"Safe areas, scroll edges and overlays",source-reviewed,"TenantSwitcherSheetScreen: identity-based initial household, bounded ScrollView, native Close, safe retry and abort/pending protection; real command/cache tests. Sheet reachability at large text pending.",M07
S081,Inventory switcher / household list,adaptation,Phone/tablet/window reflow,pending,,
S081,Inventory switcher / household list,typography,"Dynamic Type, wrapping and legibility",pending,,
S081,Inventory switcher / household list,appearance,"Light/dark, contrast and materials",pending,,
S081,Inventory switcher / household list,localization,"Locale, timezone, RTL and long strings",pending,,
S081,Inventory switcher / household list,imagery,"Icons, photos and missing media",pending,,
S081,Inventory switcher / household list,targets,Touch target size and reachability,source-reviewed,"TenantSwitcherSheetScreen: identity-based initial household, bounded ScrollView, native Close, safe retry and abort/pending protection; real command/cache tests. Sheet reachability at large text pending.",M07
S081,Inventory switcher / household list,gestures,Gestures and explicit alternatives,pending,,
S081,Inventory switcher / household list,keyboard,"Keyboard, text entry and focus",pending,,
S081,Inventory switcher / household list,accessibility,"VoiceOver/TalkBack names, roles, states and order",pending,,
S081,Inventory switcher / household list,motion,Reduced motion and feedback alternatives,pending,,
S081,Inventory switcher / household list,content,"Lists, hierarchy, density and pagination",pending,,
S081,Inventory switcher / household list,search,"Search, scope and filters",pending,,
S081,Inventory switcher / household list,loading,"Loading, background refresh and progress",pending,,
S081,Inventory switcher / household list,recovery,"Empty, error, denied and retry",source-reviewed,"TenantSwitcherSheetScreen: identity-based initial household, bounded ScrollView, native Close, safe retry and abort/pending protection; real command/cache tests. Sheet reachability at large text pending.",M07
S081,Inventory switcher / household list,editing,"Draft, save, cancel, undo and interruption",pending,,
S081,Inventory switcher / household list,privacy,"Account scope, data use and permissions",pending,,
S081,Inventory switcher / household list,notifications,System notification entry and state,pending,,
S081,Inventory switcher / household list,media,"Camera, library, files and audio",pending,,
S081,Inventory switcher / household list,lifecycle,"Cold/warm start, blur, background and deep link",source-reviewed,"TenantSwitcherSheetScreen: identity-based initial household, bounded ScrollView, native Close, safe retry and abort/pending protection; real command/cache tests. Sheet reachability at large text pending.",M07
S082,Inventory switcher / load failure,task,Task clarity and platform-pattern fit,pending,,
S082,Inventory switcher / load failure,navigation,"Navigation, hierarchy and return",source-reviewed,"TenantSwitcherSheetScreen: identity-based initial household, bounded ScrollView, native Close, safe retry and abort/pending protection; real command/cache tests. Sheet reachability at large text pending.",M07
S082,Inventory switcher / load failure,selection,Value selection and current value,source-reviewed,"TenantSwitcherSheetScreen: identity-based initial household, bounded ScrollView, native Close, safe retry and abort/pending protection; real command/cache tests. Sheet reachability at large text pending.",M07
S082,Inventory switcher / load failure,modality,Presentation and dismissal,pending,,
S082,Inventory switcher / load failure,layout,"Safe areas, scroll edges and overlays",source-reviewed,"TenantSwitcherSheetScreen: identity-based initial household, bounded ScrollView, native Close, safe retry and abort/pending protection; real command/cache tests. Sheet reachability at large text pending.",M07
S082,Inventory switcher / load failure,adaptation,Phone/tablet/window reflow,pending,,
S082,Inventory switcher / load failure,typography,"Dynamic Type, wrapping and legibility",pending,,
S082,Inventory switcher / load failure,appearance,"Light/dark, contrast and materials",pending,,
S082,Inventory switcher / load failure,localization,"Locale, timezone, RTL and long strings",pending,,
S082,Inventory switcher / load failure,imagery,"Icons, photos and missing media",pending,,
S082,Inventory switcher / load failure,targets,Touch target size and reachability,source-reviewed,"TenantSwitcherSheetScreen: identity-based initial household, bounded ScrollView, native Close, safe retry and abort/pending protection; real command/cache tests. Sheet reachability at large text pending.",M07
S082,Inventory switcher / load failure,gestures,Gestures and explicit alternatives,pending,,
S082,Inventory switcher / load failure,keyboard,"Keyboard, text entry and focus",pending,,
S082,Inventory switcher / load failure,accessibility,"VoiceOver/TalkBack names, roles, states and order",pending,,
S082,Inventory switcher / load failure,motion,Reduced motion and feedback alternatives,pending,,
S082,Inventory switcher / load failure,content,"Lists, hierarchy, density and pagination",pending,,
S082,Inventory switcher / load failure,search,"Search, scope and filters",pending,,
S082,Inventory switcher / load failure,loading,"Loading, background refresh and progress",pending,,
S082,Inventory switcher / load failure,recovery,"Empty, error, denied and retry",source-reviewed,"TenantSwitcherSheetScreen: identity-based initial household, bounded ScrollView, native Close, safe retry and abort/pending protection; real command/cache tests. Sheet reachability at large text pending.",M07
S082,Inventory switcher / load failure,editing,"Draft, save, cancel, undo and interruption",pending,,
S082,Inventory switcher / load failure,privacy,"Account scope, data use and permissions",pending,,
S082,Inventory switcher / load failure,notifications,System notification entry and state,pending,,
S082,Inventory switcher / load failure,media,"Camera, library, files and audio",pending,,
S082,Inventory switcher / load failure,lifecycle,"Cold/warm start, blur, background and deep link",source-reviewed,"TenantSwitcherSheetScreen: identity-based initial household, bounded ScrollView, native Close, safe retry and abort/pending protection; real command/cache tests. Sheet reachability at large text pending.",M07
S083,Inventory switcher / selection pending failure,task,Task clarity and platform-pattern fit,pending,,
S083,Inventory switcher / selection pending failure,navigation,"Navigation, hierarchy and return",source-reviewed,"TenantSwitcherSheetScreen: identity-based initial household, bounded ScrollView, native Close, safe retry and abort/pending protection; real command/cache tests. Sheet reachability at large text pending.",M07
S083,Inventory switcher / selection pending failure,selection,Value selection and current value,source-reviewed,"TenantSwitcherSheetScreen: identity-based initial household, bounded ScrollView, native Close, safe retry and abort/pending protection; real command/cache tests. Sheet reachability at large text pending.",M07
S083,Inventory switcher / selection pending failure,modality,Presentation and dismissal,pending,,
S083,Inventory switcher / selection pending failure,layout,"Safe areas, scroll edges and overlays",source-reviewed,"TenantSwitcherSheetScreen: identity-based initial household, bounded ScrollView, native Close, safe retry and abort/pending protection; real command/cache tests. Sheet reachability at large text pending.",M07
S083,Inventory switcher / selection pending failure,adaptation,Phone/tablet/window reflow,pending,,
S083,Inventory switcher / selection pending failure,typography,"Dynamic Type, wrapping and legibility",pending,,
S083,Inventory switcher / selection pending failure,appearance,"Light/dark, contrast and materials",pending,,
S083,Inventory switcher / selection pending failure,localization,"Locale, timezone, RTL and long strings",pending,,
S083,Inventory switcher / selection pending failure,imagery,"Icons, photos and missing media",pending,,
S083,Inventory switcher / selection pending failure,targets,Touch target size and reachability,source-reviewed,"TenantSwitcherSheetScreen: identity-based initial household, bounded ScrollView, native Close, safe retry and abort/pending protection; real command/cache tests. Sheet reachability at large text pending.",M07
S083,Inventory switcher / selection pending failure,gestures,Gestures and explicit alternatives,pending,,
S083,Inventory switcher / selection pending failure,keyboard,"Keyboard, text entry and focus",pending,,
S083,Inventory switcher / selection pending failure,accessibility,"VoiceOver/TalkBack names, roles, states and order",pending,,
S083,Inventory switcher / selection pending failure,motion,Reduced motion and feedback alternatives,pending,,
S083,Inventory switcher / selection pending failure,content,"Lists, hierarchy, density and pagination",pending,,
S083,Inventory switcher / selection pending failure,search,"Search, scope and filters",pending,,
S083,Inventory switcher / selection pending failure,loading,"Loading, background refresh and progress",pending,,
S083,Inventory switcher / selection pending failure,recovery,"Empty, error, denied and retry",source-reviewed,"TenantSwitcherSheetScreen: identity-based initial household, bounded ScrollView, native Close, safe retry and abort/pending protection; real command/cache tests. Sheet reachability at large text pending.",M07
S083,Inventory switcher / selection pending failure,editing,"Draft, save, cancel, undo and interruption",pending,,
S083,Inventory switcher / selection pending failure,privacy,"Account scope, data use and permissions",pending,,
S083,Inventory switcher / selection pending failure,notifications,System notification entry and state,pending,,
S083,Inventory switcher / selection pending failure,media,"Camera, library, files and audio",pending,,
S083,Inventory switcher / selection pending failure,lifecycle,"Cold/warm start, blur, background and deep link",source-reviewed,"TenantSwitcherSheetScreen: identity-based initial household, bounded ScrollView, native Close, safe retry and abort/pending protection; real command/cache tests. Sheet reachability at large text pending.",M07
S084,Add / main draft,task,Task clarity and platform-pattern fit,pending,,
S084,Add / main draft,navigation,"Navigation, hierarchy and return",pending,,
S084,Add / main draft,selection,Value selection and current value,pending,,
S084,Add / main draft,modality,Presentation and dismissal,pending,,
S084,Add / main draft,layout,"Safe areas, scroll edges and overlays",pending,,
S084,Add / main draft,adaptation,Phone/tablet/window reflow,pending,,
S084,Add / main draft,typography,"Dynamic Type, wrapping and legibility",pending,,
S084,Add / main draft,appearance,"Light/dark, contrast and materials",pending,,
S084,Add / main draft,localization,"Locale, timezone, RTL and long strings",pending,,
S084,Add / main draft,imagery,"Icons, photos and missing media",pending,,
S084,Add / main draft,targets,Touch target size and reachability,pending,,
S084,Add / main draft,gestures,Gestures and explicit alternatives,pending,,
S084,Add / main draft,keyboard,"Keyboard, text entry and focus",pending,,
S084,Add / main draft,accessibility,"VoiceOver/TalkBack names, roles, states and order",pending,,
S084,Add / main draft,motion,Reduced motion and feedback alternatives,pending,,
S084,Add / main draft,content,"Lists, hierarchy, density and pagination",pending,,
S084,Add / main draft,search,"Search, scope and filters",pending,,
S084,Add / main draft,loading,"Loading, background refresh and progress",pending,,
S084,Add / main draft,recovery,"Empty, error, denied and retry",source-reviewed,Add operation ownership guards pending save/parent/photo edits and dismissal; five remote behavior tests pass. Native runtime pending.,M21
S084,Add / main draft,editing,"Draft, save, cancel, undo and interruption",source-reviewed,Add operation ownership guards pending save/parent/photo edits and dismissal; five remote behavior tests pass. Native runtime pending.,M21
S084,Add / main draft,privacy,"Account scope, data use and permissions",pending,,
S084,Add / main draft,notifications,System notification entry and state,pending,,
S084,Add / main draft,media,"Camera, library, files and audio",pending,,
S084,Add / main draft,lifecycle,"Cold/warm start, blur, background and deep link",source-reviewed,Add operation ownership guards pending save/parent/photo edits and dismissal; five remote behavior tests pass. Native runtime pending.,M21
S085,Add / kind choice,task,Task clarity and platform-pattern fit,pending,,
S085,Add / kind choice,navigation,"Navigation, hierarchy and return",pending,,
S085,Add / kind choice,selection,Value selection and current value,pending,,
S085,Add / kind choice,modality,Presentation and dismissal,pending,,
S085,Add / kind choice,layout,"Safe areas, scroll edges and overlays",pending,,
S085,Add / kind choice,adaptation,Phone/tablet/window reflow,pending,,
S085,Add / kind choice,typography,"Dynamic Type, wrapping and legibility",pending,,
S085,Add / kind choice,appearance,"Light/dark, contrast and materials",pending,,
S085,Add / kind choice,localization,"Locale, timezone, RTL and long strings",pending,,
S085,Add / kind choice,imagery,"Icons, photos and missing media",pending,,
S085,Add / kind choice,targets,Touch target size and reachability,pending,,
S085,Add / kind choice,gestures,Gestures and explicit alternatives,pending,,
S085,Add / kind choice,keyboard,"Keyboard, text entry and focus",pending,,
S085,Add / kind choice,accessibility,"VoiceOver/TalkBack names, roles, states and order",pending,,
S085,Add / kind choice,motion,Reduced motion and feedback alternatives,pending,,
S085,Add / kind choice,content,"Lists, hierarchy, density and pagination",pending,,
S085,Add / kind choice,search,"Search, scope and filters",pending,,
S085,Add / kind choice,loading,"Loading, background refresh and progress",pending,,
S085,Add / kind choice,recovery,"Empty, error, denied and retry",pending,,
S085,Add / kind choice,editing,"Draft, save, cancel, undo and interruption",pending,,
S085,Add / kind choice,privacy,"Account scope, data use and permissions",pending,,
S085,Add / kind choice,notifications,System notification entry and state,pending,,
S085,Add / kind choice,media,"Camera, library, files and audio",pending,,
S085,Add / kind choice,lifecycle,"Cold/warm start, blur, background and deep link",pending,,
S086,Add / parent search,task,Task clarity and platform-pattern fit,pending,,
S086,Add / parent search,navigation,"Navigation, hierarchy and return",pending,,
S086,Add / parent search,selection,Value selection and current value,pending,,
S086,Add / parent search,modality,Presentation and dismissal,pending,,
S086,Add / parent search,layout,"Safe areas, scroll edges and overlays",pending,,
S086,Add / parent search,adaptation,Phone/tablet/window reflow,pending,,
S086,Add / parent search,typography,"Dynamic Type, wrapping and legibility",pending,,
S086,Add / parent search,appearance,"Light/dark, contrast and materials",pending,,
S086,Add / parent search,localization,"Locale, timezone, RTL and long strings",pending,,
S086,Add / parent search,imagery,"Icons, photos and missing media",pending,,
S086,Add / parent search,targets,Touch target size and reachability,pending,,
S086,Add / parent search,gestures,Gestures and explicit alternatives,pending,,
S086,Add / parent search,keyboard,"Keyboard, text entry and focus",pending,,
S086,Add / parent search,accessibility,"VoiceOver/TalkBack names, roles, states and order",pending,,
S086,Add / parent search,motion,Reduced motion and feedback alternatives,pending,,
S086,Add / parent search,content,"Lists, hierarchy, density and pagination",pending,,
S086,Add / parent search,search,"Search, scope and filters",pending,,
S086,Add / parent search,loading,"Loading, background refresh and progress",pending,,
S086,Add / parent search,recovery,"Empty, error, denied and retry",source-reviewed,Add operation ownership guards pending save/parent/photo edits and dismissal; five remote behavior tests pass. Native runtime pending.,M21
S086,Add / parent search,editing,"Draft, save, cancel, undo and interruption",source-reviewed,Add operation ownership guards pending save/parent/photo edits and dismissal; five remote behavior tests pass. Native runtime pending.,M21
S086,Add / parent search,privacy,"Account scope, data use and permissions",pending,,
S086,Add / parent search,notifications,System notification entry and state,pending,,
S086,Add / parent search,media,"Camera, library, files and audio",pending,,
S086,Add / parent search,lifecycle,"Cold/warm start, blur, background and deep link",source-reviewed,Add operation ownership guards pending save/parent/photo edits and dismissal; five remote behavior tests pass. Native runtime pending.,M21
S087,Add / quick parent creation,task,Task clarity and platform-pattern fit,pending,,
S087,Add / quick parent creation,navigation,"Navigation, hierarchy and return",pending,,
S087,Add / quick parent creation,selection,Value selection and current value,pending,,
S087,Add / quick parent creation,modality,Presentation and dismissal,pending,,
S087,Add / quick parent creation,layout,"Safe areas, scroll edges and overlays",pending,,
S087,Add / quick parent creation,adaptation,Phone/tablet/window reflow,pending,,
S087,Add / quick parent creation,typography,"Dynamic Type, wrapping and legibility",pending,,
S087,Add / quick parent creation,appearance,"Light/dark, contrast and materials",pending,,
S087,Add / quick parent creation,localization,"Locale, timezone, RTL and long strings",pending,,
S087,Add / quick parent creation,imagery,"Icons, photos and missing media",pending,,
S087,Add / quick parent creation,targets,Touch target size and reachability,pending,,
S087,Add / quick parent creation,gestures,Gestures and explicit alternatives,pending,,
S087,Add / quick parent creation,keyboard,"Keyboard, text entry and focus",pending,,
S087,Add / quick parent creation,accessibility,"VoiceOver/TalkBack names, roles, states and order",pending,,
S087,Add / quick parent creation,motion,Reduced motion and feedback alternatives,pending,,
S087,Add / quick parent creation,content,"Lists, hierarchy, density and pagination",pending,,
S087,Add / quick parent creation,search,"Search, scope and filters",pending,,
S087,Add / quick parent creation,loading,"Loading, background refresh and progress",pending,,
S087,Add / quick parent creation,recovery,"Empty, error, denied and retry",source-reviewed,Add operation ownership guards pending save/parent/photo edits and dismissal; five remote behavior tests pass. Native runtime pending.,M21
S087,Add / quick parent creation,editing,"Draft, save, cancel, undo and interruption",source-reviewed,Add operation ownership guards pending save/parent/photo edits and dismissal; five remote behavior tests pass. Native runtime pending.,M21
S087,Add / quick parent creation,privacy,"Account scope, data use and permissions",pending,,
S087,Add / quick parent creation,notifications,System notification entry and state,pending,,
S087,Add / quick parent creation,media,"Camera, library, files and audio",pending,,
S087,Add / quick parent creation,lifecycle,"Cold/warm start, blur, background and deep link",source-reviewed,Add operation ownership guards pending save/parent/photo edits and dismissal; five remote behavior tests pass. Native runtime pending.,M21
S088,Add / type choice,task,Task clarity and platform-pattern fit,pending,,
S088,Add / type choice,navigation,"Navigation, hierarchy and return",pending,,
S088,Add / type choice,selection,Value selection and current value,pending,,
S088,Add / type choice,modality,Presentation and dismissal,pending,,
S088,Add / type choice,layout,"Safe areas, scroll edges and overlays",pending,,
S088,Add / type choice,adaptation,Phone/tablet/window reflow,pending,,
S088,Add / type choice,typography,"Dynamic Type, wrapping and legibility",pending,,
S088,Add / type choice,appearance,"Light/dark, contrast and materials",pending,,
S088,Add / type choice,localization,"Locale, timezone, RTL and long strings",pending,,
S088,Add / type choice,imagery,"Icons, photos and missing media",pending,,
S088,Add / type choice,targets,Touch target size and reachability,pending,,
S088,Add / type choice,gestures,Gestures and explicit alternatives,pending,,
S088,Add / type choice,keyboard,"Keyboard, text entry and focus",pending,,
S088,Add / type choice,accessibility,"VoiceOver/TalkBack names, roles, states and order",pending,,
S088,Add / type choice,motion,Reduced motion and feedback alternatives,pending,,
S088,Add / type choice,content,"Lists, hierarchy, density and pagination",pending,,
S088,Add / type choice,search,"Search, scope and filters",pending,,
S088,Add / type choice,loading,"Loading, background refresh and progress",pending,,
S088,Add / type choice,recovery,"Empty, error, denied and retry",pending,,
S088,Add / type choice,editing,"Draft, save, cancel, undo and interruption",pending,,
S088,Add / type choice,privacy,"Account scope, data use and permissions",pending,,
S088,Add / type choice,notifications,System notification entry and state,pending,,
S088,Add / type choice,media,"Camera, library, files and audio",pending,,
S088,Add / type choice,lifecycle,"Cold/warm start, blur, background and deep link",pending,,
S089,Add / tags select create,task,Task clarity and platform-pattern fit,pending,,
S089,Add / tags select create,navigation,"Navigation, hierarchy and return",pending,,
S089,Add / tags select create,selection,Value selection and current value,pending,,
S089,Add / tags select create,modality,Presentation and dismissal,pending,,
S089,Add / tags select create,layout,"Safe areas, scroll edges and overlays",pending,,
S089,Add / tags select create,adaptation,Phone/tablet/window reflow,pending,,
S089,Add / tags select create,typography,"Dynamic Type, wrapping and legibility",pending,,
S089,Add / tags select create,appearance,"Light/dark, contrast and materials",pending,,
S089,Add / tags select create,localization,"Locale, timezone, RTL and long strings",pending,,
S089,Add / tags select create,imagery,"Icons, photos and missing media",pending,,
S089,Add / tags select create,targets,Touch target size and reachability,pending,,
S089,Add / tags select create,gestures,Gestures and explicit alternatives,pending,,
S089,Add / tags select create,keyboard,"Keyboard, text entry and focus",pending,,
S089,Add / tags select create,accessibility,"VoiceOver/TalkBack names, roles, states and order",pending,,
S089,Add / tags select create,motion,Reduced motion and feedback alternatives,pending,,
S089,Add / tags select create,content,"Lists, hierarchy, density and pagination",pending,,
S089,Add / tags select create,search,"Search, scope and filters",pending,,
S089,Add / tags select create,loading,"Loading, background refresh and progress",pending,,
S089,Add / tags select create,recovery,"Empty, error, denied and retry",source-reviewed,Add operation ownership guards pending save/parent/photo edits and dismissal; five remote behavior tests pass. Native runtime pending.,M21
S089,Add / tags select create,editing,"Draft, save, cancel, undo and interruption",source-reviewed,Add operation ownership guards pending save/parent/photo edits and dismissal; five remote behavior tests pass. Native runtime pending.,M21
S089,Add / tags select create,privacy,"Account scope, data use and permissions",pending,,
S089,Add / tags select create,notifications,System notification entry and state,pending,,
S089,Add / tags select create,media,"Camera, library, files and audio",pending,,
S089,Add / tags select create,lifecycle,"Cold/warm start, blur, background and deep link",source-reviewed,Add operation ownership guards pending save/parent/photo edits and dismissal; five remote behavior tests pass. Native runtime pending.,M21
S090,Add / photo selection,task,Task clarity and platform-pattern fit,pending,,
S090,Add / photo selection,navigation,"Navigation, hierarchy and return",pending,,
S090,Add / photo selection,selection,Value selection and current value,pending,,
S090,Add / photo selection,modality,Presentation and dismissal,pending,,
S090,Add / photo selection,layout,"Safe areas, scroll edges and overlays",pending,,
S090,Add / photo selection,adaptation,Phone/tablet/window reflow,pending,,
S090,Add / photo selection,typography,"Dynamic Type, wrapping and legibility",pending,,
S090,Add / photo selection,appearance,"Light/dark, contrast and materials",pending,,
S090,Add / photo selection,localization,"Locale, timezone, RTL and long strings",pending,,
S090,Add / photo selection,imagery,"Icons, photos and missing media",pending,,
S090,Add / photo selection,targets,Touch target size and reachability,pending,,
S090,Add / photo selection,gestures,Gestures and explicit alternatives,pending,,
S090,Add / photo selection,keyboard,"Keyboard, text entry and focus",pending,,
S090,Add / photo selection,accessibility,"VoiceOver/TalkBack names, roles, states and order",pending,,
S090,Add / photo selection,motion,Reduced motion and feedback alternatives,pending,,
S090,Add / photo selection,content,"Lists, hierarchy, density and pagination",pending,,
S090,Add / photo selection,search,"Search, scope and filters",pending,,
S090,Add / photo selection,loading,"Loading, background refresh and progress",pending,,
S090,Add / photo selection,recovery,"Empty, error, denied and retry",source-reviewed,Add operation ownership guards pending save/parent/photo edits and dismissal; five remote behavior tests pass. Native runtime pending.,M21
S090,Add / photo selection,editing,"Draft, save, cancel, undo and interruption",source-reviewed,Add operation ownership guards pending save/parent/photo edits and dismissal; five remote behavior tests pass. Native runtime pending.,M21
S090,Add / photo selection,privacy,"Account scope, data use and permissions",pending,,
S090,Add / photo selection,notifications,System notification entry and state,pending,,
S090,Add / photo selection,media,"Camera, library, files and audio",pending,,
S090,Add / photo selection,lifecycle,"Cold/warm start, blur, background and deep link",source-reviewed,Add operation ownership guards pending save/parent/photo edits and dismissal; five remote behavior tests pass. Native runtime pending.,M21
S091,Add / custom fields,task,Task clarity and platform-pattern fit,pending,,
S091,Add / custom fields,navigation,"Navigation, hierarchy and return",pending,,
S091,Add / custom fields,selection,Value selection and current value,pending,,
S091,Add / custom fields,modality,Presentation and dismissal,pending,,
S091,Add / custom fields,layout,"Safe areas, scroll edges and overlays",pending,,
S091,Add / custom fields,adaptation,Phone/tablet/window reflow,pending,,
S091,Add / custom fields,typography,"Dynamic Type, wrapping and legibility",pending,,
S091,Add / custom fields,appearance,"Light/dark, contrast and materials",pending,,
S091,Add / custom fields,localization,"Locale, timezone, RTL and long strings",pending,,
S091,Add / custom fields,imagery,"Icons, photos and missing media",pending,,
S091,Add / custom fields,targets,Touch target size and reachability,pending,,
S091,Add / custom fields,gestures,Gestures and explicit alternatives,pending,,
S091,Add / custom fields,keyboard,"Keyboard, text entry and focus",pending,,
S091,Add / custom fields,accessibility,"VoiceOver/TalkBack names, roles, states and order",pending,,
S091,Add / custom fields,motion,Reduced motion and feedback alternatives,pending,,
S091,Add / custom fields,content,"Lists, hierarchy, density and pagination",pending,,
S091,Add / custom fields,search,"Search, scope and filters",pending,,
S091,Add / custom fields,loading,"Loading, background refresh and progress",pending,,
S091,Add / custom fields,recovery,"Empty, error, denied and retry",pending,,
S091,Add / custom fields,editing,"Draft, save, cancel, undo and interruption",pending,,
S091,Add / custom fields,privacy,"Account scope, data use and permissions",pending,,
S091,Add / custom fields,notifications,System notification entry and state,pending,,
S091,Add / custom fields,media,"Camera, library, files and audio",pending,,
S091,Add / custom fields,lifecycle,"Cold/warm start, blur, background and deep link",pending,,
S092,Add / expiration exact date,task,Task clarity and platform-pattern fit,source-reviewed,"M03; compact native iOS draft picker, explicit Add, outer save;5 focused tests/check/structural;native pending",M03
S092,Add / expiration exact date,navigation,"Navigation, hierarchy and return",pending,,
S092,Add / expiration exact date,selection,Value selection and current value,source-reviewed,"M03; compact native iOS draft picker, explicit Add, outer save;5 focused tests/check/structural;native pending",M03
S092,Add / expiration exact date,modality,Presentation and dismissal,pending,,
S092,Add / expiration exact date,layout,"Safe areas, scroll edges and overlays",pending,,
S092,Add / expiration exact date,adaptation,Phone/tablet/window reflow,pending,,
S092,Add / expiration exact date,typography,"Dynamic Type, wrapping and legibility",pending,,
S092,Add / expiration exact date,appearance,"Light/dark, contrast and materials",pending,,
S092,Add / expiration exact date,localization,"Locale, timezone, RTL and long strings",pending,,
S092,Add / expiration exact date,imagery,"Icons, photos and missing media",pending,,
S092,Add / expiration exact date,targets,Touch target size and reachability,pending,,
S092,Add / expiration exact date,gestures,Gestures and explicit alternatives,pending,,
S092,Add / expiration exact date,keyboard,"Keyboard, text entry and focus",pending,,
S092,Add / expiration exact date,accessibility,"VoiceOver/TalkBack names, roles, states and order",pending,,
S092,Add / expiration exact date,motion,Reduced motion and feedback alternatives,pending,,
S092,Add / expiration exact date,content,"Lists, hierarchy, density and pagination",pending,,
S092,Add / expiration exact date,search,"Search, scope and filters",pending,,
S092,Add / expiration exact date,loading,"Loading, background refresh and progress",pending,,
S092,Add / expiration exact date,recovery,"Empty, error, denied and retry",pending,,
S092,Add / expiration exact date,editing,"Draft, save, cancel, undo and interruption",source-reviewed,"M03; compact native iOS draft picker, explicit Add, outer save;5 focused tests/check/structural;native pending",M03
S092,Add / expiration exact date,privacy,"Account scope, data use and permissions",pending,,
S092,Add / expiration exact date,notifications,System notification entry and state,pending,,
S092,Add / expiration exact date,media,"Camera, library, files and audio",pending,,
S092,Add / expiration exact date,lifecycle,"Cold/warm start, blur, background and deep link",pending,,
S093,Add / expiration month year,task,Task clarity and platform-pattern fit,pending,,
S093,Add / expiration month year,navigation,"Navigation, hierarchy and return",pending,,
S093,Add / expiration month year,selection,Value selection and current value,pending,,
S093,Add / expiration month year,modality,Presentation and dismissal,pending,,
S093,Add / expiration month year,layout,"Safe areas, scroll edges and overlays",pending,,
S093,Add / expiration month year,adaptation,Phone/tablet/window reflow,pending,,
S093,Add / expiration month year,typography,"Dynamic Type, wrapping and legibility",pending,,
S093,Add / expiration month year,appearance,"Light/dark, contrast and materials",pending,,
S093,Add / expiration month year,localization,"Locale, timezone, RTL and long strings",pending,,
S093,Add / expiration month year,imagery,"Icons, photos and missing media",pending,,
S093,Add / expiration month year,targets,Touch target size and reachability,pending,,
S093,Add / expiration month year,gestures,Gestures and explicit alternatives,pending,,
S093,Add / expiration month year,keyboard,"Keyboard, text entry and focus",pending,,
S093,Add / expiration month year,accessibility,"VoiceOver/TalkBack names, roles, states and order",pending,,
S093,Add / expiration month year,motion,Reduced motion and feedback alternatives,pending,,
S093,Add / expiration month year,content,"Lists, hierarchy, density and pagination",pending,,
S093,Add / expiration month year,search,"Search, scope and filters",pending,,
S093,Add / expiration month year,loading,"Loading, background refresh and progress",pending,,
S093,Add / expiration month year,recovery,"Empty, error, denied and retry",pending,,
S093,Add / expiration month year,editing,"Draft, save, cancel, undo and interruption",pending,,
S093,Add / expiration month year,privacy,"Account scope, data use and permissions",pending,,
S093,Add / expiration month year,notifications,System notification entry and state,pending,,
S093,Add / expiration month year,media,"Camera, library, files and audio",pending,,
S093,Add / expiration month year,lifecycle,"Cold/warm start, blur, background and deep link",pending,,
S094,Add / draft recovery,task,Task clarity and platform-pattern fit,pending,,
S094,Add / draft recovery,navigation,"Navigation, hierarchy and return",pending,,
S094,Add / draft recovery,selection,Value selection and current value,pending,,
S094,Add / draft recovery,modality,Presentation and dismissal,pending,,
S094,Add / draft recovery,layout,"Safe areas, scroll edges and overlays",pending,,
S094,Add / draft recovery,adaptation,Phone/tablet/window reflow,pending,,
S094,Add / draft recovery,typography,"Dynamic Type, wrapping and legibility",pending,,
S094,Add / draft recovery,appearance,"Light/dark, contrast and materials",pending,,
S094,Add / draft recovery,localization,"Locale, timezone, RTL and long strings",pending,,
S094,Add / draft recovery,imagery,"Icons, photos and missing media",pending,,
S094,Add / draft recovery,targets,Touch target size and reachability,pending,,
S094,Add / draft recovery,gestures,Gestures and explicit alternatives,pending,,
S094,Add / draft recovery,keyboard,"Keyboard, text entry and focus",pending,,
S094,Add / draft recovery,accessibility,"VoiceOver/TalkBack names, roles, states and order",pending,,
S094,Add / draft recovery,motion,Reduced motion and feedback alternatives,pending,,
S094,Add / draft recovery,content,"Lists, hierarchy, density and pagination",pending,,
S094,Add / draft recovery,search,"Search, scope and filters",pending,,
S094,Add / draft recovery,loading,"Loading, background refresh and progress",pending,,
S094,Add / draft recovery,recovery,"Empty, error, denied and retry",source-reviewed,Add operation ownership guards pending save/parent/photo edits and dismissal; five remote behavior tests pass. Native runtime pending.,M21
S094,Add / draft recovery,editing,"Draft, save, cancel, undo and interruption",source-reviewed,Add operation ownership guards pending save/parent/photo edits and dismissal; five remote behavior tests pass. Native runtime pending.,M21
S094,Add / draft recovery,privacy,"Account scope, data use and permissions",pending,,
S094,Add / draft recovery,notifications,System notification entry and state,pending,,
S094,Add / draft recovery,media,"Camera, library, files and audio",pending,,
S094,Add / draft recovery,lifecycle,"Cold/warm start, blur, background and deep link",source-reviewed,Add operation ownership guards pending save/parent/photo edits and dismissal; five remote behavior tests pass. Native runtime pending.,M21
S095,Asset / overflow commands,task,Task clarity and platform-pattern fit,pending,,
S095,Asset / overflow commands,navigation,"Navigation, hierarchy and return",pending,,
S095,Asset / overflow commands,selection,Value selection and current value,pending,,
S095,Asset / overflow commands,modality,Presentation and dismissal,pending,,
S095,Asset / overflow commands,layout,"Safe areas, scroll edges and overlays",pending,,
S095,Asset / overflow commands,adaptation,Phone/tablet/window reflow,pending,,
S095,Asset / overflow commands,typography,"Dynamic Type, wrapping and legibility",pending,,
S095,Asset / overflow commands,appearance,"Light/dark, contrast and materials",pending,,
S095,Asset / overflow commands,localization,"Locale, timezone, RTL and long strings",pending,,
S095,Asset / overflow commands,imagery,"Icons, photos and missing media",pending,,
S095,Asset / overflow commands,targets,Touch target size and reachability,pending,,
S095,Asset / overflow commands,gestures,Gestures and explicit alternatives,pending,,
S095,Asset / overflow commands,keyboard,"Keyboard, text entry and focus",pending,,
S095,Asset / overflow commands,accessibility,"VoiceOver/TalkBack names, roles, states and order",pending,,
S095,Asset / overflow commands,motion,Reduced motion and feedback alternatives,pending,,
S095,Asset / overflow commands,content,"Lists, hierarchy, density and pagination",pending,,
S095,Asset / overflow commands,search,"Search, scope and filters",pending,,
S095,Asset / overflow commands,loading,"Loading, background refresh and progress",pending,,
S095,Asset / overflow commands,recovery,"Empty, error, denied and retry",pending,,
S095,Asset / overflow commands,editing,"Draft, save, cancel, undo and interruption",pending,,
S095,Asset / overflow commands,privacy,"Account scope, data use and permissions",pending,,
S095,Asset / overflow commands,notifications,System notification entry and state,pending,,
S095,Asset / overflow commands,media,"Camera, library, files and audio",pending,,
S095,Asset / overflow commands,lifecycle,"Cold/warm start, blur, background and deep link",pending,,
S096,Asset / checkout form,task,Task clarity and platform-pattern fit,pending,,
S096,Asset / checkout form,navigation,"Navigation, hierarchy and return",pending,,
S096,Asset / checkout form,selection,Value selection and current value,pending,,
S096,Asset / checkout form,modality,Presentation and dismissal,pending,,
S096,Asset / checkout form,layout,"Safe areas, scroll edges and overlays",pending,,
S096,Asset / checkout form,adaptation,Phone/tablet/window reflow,pending,,
S096,Asset / checkout form,typography,"Dynamic Type, wrapping and legibility",pending,,
S096,Asset / checkout form,appearance,"Light/dark, contrast and materials",pending,,
S096,Asset / checkout form,localization,"Locale, timezone, RTL and long strings",pending,,
S096,Asset / checkout form,imagery,"Icons, photos and missing media",pending,,
S096,Asset / checkout form,targets,Touch target size and reachability,pending,,
S096,Asset / checkout form,gestures,Gestures and explicit alternatives,pending,,
S096,Asset / checkout form,keyboard,"Keyboard, text entry and focus",pending,,
S096,Asset / checkout form,accessibility,"VoiceOver/TalkBack names, roles, states and order",pending,,
S096,Asset / checkout form,motion,Reduced motion and feedback alternatives,pending,,
S096,Asset / checkout form,content,"Lists, hierarchy, density and pagination",pending,,
S096,Asset / checkout form,search,"Search, scope and filters",pending,,
S096,Asset / checkout form,loading,"Loading, background refresh and progress",pending,,
S096,Asset / checkout form,recovery,"Empty, error, denied and retry",pending,,
S096,Asset / checkout form,editing,"Draft, save, cancel, undo and interruption",pending,,
S096,Asset / checkout form,privacy,"Account scope, data use and permissions",pending,,
S096,Asset / checkout form,notifications,System notification entry and state,pending,,
S096,Asset / checkout form,media,"Camera, library, files and audio",pending,,
S096,Asset / checkout form,lifecycle,"Cold/warm start, blur, background and deep link",pending,,
S097,Asset / return action,task,Task clarity and platform-pattern fit,pending,,
S097,Asset / return action,navigation,"Navigation, hierarchy and return",pending,,
S097,Asset / return action,selection,Value selection and current value,pending,,
S097,Asset / return action,modality,Presentation and dismissal,pending,,
S097,Asset / return action,layout,"Safe areas, scroll edges and overlays",pending,,
S097,Asset / return action,adaptation,Phone/tablet/window reflow,pending,,
S097,Asset / return action,typography,"Dynamic Type, wrapping and legibility",pending,,
S097,Asset / return action,appearance,"Light/dark, contrast and materials",pending,,
S097,Asset / return action,localization,"Locale, timezone, RTL and long strings",pending,,
S097,Asset / return action,imagery,"Icons, photos and missing media",pending,,
S097,Asset / return action,targets,Touch target size and reachability,pending,,
S097,Asset / return action,gestures,Gestures and explicit alternatives,pending,,
S097,Asset / return action,keyboard,"Keyboard, text entry and focus",pending,,
S097,Asset / return action,accessibility,"VoiceOver/TalkBack names, roles, states and order",pending,,
S097,Asset / return action,motion,Reduced motion and feedback alternatives,pending,,
S097,Asset / return action,content,"Lists, hierarchy, density and pagination",pending,,
S097,Asset / return action,search,"Search, scope and filters",pending,,
S097,Asset / return action,loading,"Loading, background refresh and progress",pending,,
S097,Asset / return action,recovery,"Empty, error, denied and retry",pending,,
S097,Asset / return action,editing,"Draft, save, cancel, undo and interruption",pending,,
S097,Asset / return action,privacy,"Account scope, data use and permissions",pending,,
S097,Asset / return action,notifications,System notification entry and state,pending,,
S097,Asset / return action,media,"Camera, library, files and audio",pending,,
S097,Asset / return action,lifecycle,"Cold/warm start, blur, background and deep link",pending,,
S098,Asset / archive restore delete,task,Task clarity and platform-pattern fit,pending,,
S098,Asset / archive restore delete,navigation,"Navigation, hierarchy and return",pending,,
S098,Asset / archive restore delete,selection,Value selection and current value,pending,,
S098,Asset / archive restore delete,modality,Presentation and dismissal,pending,,
S098,Asset / archive restore delete,layout,"Safe areas, scroll edges and overlays",pending,,
S098,Asset / archive restore delete,adaptation,Phone/tablet/window reflow,pending,,
S098,Asset / archive restore delete,typography,"Dynamic Type, wrapping and legibility",pending,,
S098,Asset / archive restore delete,appearance,"Light/dark, contrast and materials",pending,,
S098,Asset / archive restore delete,localization,"Locale, timezone, RTL and long strings",pending,,
S098,Asset / archive restore delete,imagery,"Icons, photos and missing media",pending,,
S098,Asset / archive restore delete,targets,Touch target size and reachability,pending,,
S098,Asset / archive restore delete,gestures,Gestures and explicit alternatives,pending,,
S098,Asset / archive restore delete,keyboard,"Keyboard, text entry and focus",pending,,
S098,Asset / archive restore delete,accessibility,"VoiceOver/TalkBack names, roles, states and order",pending,,
S098,Asset / archive restore delete,motion,Reduced motion and feedback alternatives,pending,,
S098,Asset / archive restore delete,content,"Lists, hierarchy, density and pagination",pending,,
S098,Asset / archive restore delete,search,"Search, scope and filters",pending,,
S098,Asset / archive restore delete,loading,"Loading, background refresh and progress",pending,,
S098,Asset / archive restore delete,recovery,"Empty, error, denied and retry",pending,,
S098,Asset / archive restore delete,editing,"Draft, save, cancel, undo and interruption",pending,,
S098,Asset / archive restore delete,privacy,"Account scope, data use and permissions",pending,,
S098,Asset / archive restore delete,notifications,System notification entry and state,pending,,
S098,Asset / archive restore delete,media,"Camera, library, files and audio",pending,,
S098,Asset / archive restore delete,lifecycle,"Cold/warm start, blur, background and deep link",pending,,
S099,Asset / photo gallery,task,Task clarity and platform-pattern fit,pending,,
S099,Asset / photo gallery,navigation,"Navigation, hierarchy and return",pending,,
S099,Asset / photo gallery,selection,Value selection and current value,pending,,
S099,Asset / photo gallery,modality,Presentation and dismissal,pending,,
S099,Asset / photo gallery,layout,"Safe areas, scroll edges and overlays",pending,,
S099,Asset / photo gallery,adaptation,Phone/tablet/window reflow,pending,,
S099,Asset / photo gallery,typography,"Dynamic Type, wrapping and legibility",pending,,
S099,Asset / photo gallery,appearance,"Light/dark, contrast and materials",pending,,
S099,Asset / photo gallery,localization,"Locale, timezone, RTL and long strings",pending,,
S099,Asset / photo gallery,imagery,"Icons, photos and missing media",pending,,
S099,Asset / photo gallery,targets,Touch target size and reachability,pending,,
S099,Asset / photo gallery,gestures,Gestures and explicit alternatives,pending,,
S099,Asset / photo gallery,keyboard,"Keyboard, text entry and focus",pending,,
S099,Asset / photo gallery,accessibility,"VoiceOver/TalkBack names, roles, states and order",pending,,
S099,Asset / photo gallery,motion,Reduced motion and feedback alternatives,pending,,
S099,Asset / photo gallery,content,"Lists, hierarchy, density and pagination",pending,,
S099,Asset / photo gallery,search,"Search, scope and filters",pending,,
S099,Asset / photo gallery,loading,"Loading, background refresh and progress",pending,,
S099,Asset / photo gallery,recovery,"Empty, error, denied and retry",pending,,
S099,Asset / photo gallery,editing,"Draft, save, cancel, undo and interruption",pending,,
S099,Asset / photo gallery,privacy,"Account scope, data use and permissions",pending,,
S099,Asset / photo gallery,notifications,System notification entry and state,pending,,
S099,Asset / photo gallery,media,"Camera, library, files and audio",pending,,
S099,Asset / photo gallery,lifecycle,"Cold/warm start, blur, background and deep link",pending,,
S100,Asset / full screen viewer,task,Task clarity and platform-pattern fit,pending,,
S100,Asset / full screen viewer,navigation,"Navigation, hierarchy and return",pending,,
S100,Asset / full screen viewer,selection,Value selection and current value,pending,,
S100,Asset / full screen viewer,modality,Presentation and dismissal,pending,,
S100,Asset / full screen viewer,layout,"Safe areas, scroll edges and overlays",pending,,
S100,Asset / full screen viewer,adaptation,Phone/tablet/window reflow,pending,,
S100,Asset / full screen viewer,typography,"Dynamic Type, wrapping and legibility",pending,,
S100,Asset / full screen viewer,appearance,"Light/dark, contrast and materials",pending,,
S100,Asset / full screen viewer,localization,"Locale, timezone, RTL and long strings",pending,,
S100,Asset / full screen viewer,imagery,"Icons, photos and missing media",pending,,
S100,Asset / full screen viewer,targets,Touch target size and reachability,pending,,
S100,Asset / full screen viewer,gestures,Gestures and explicit alternatives,pending,,
S100,Asset / full screen viewer,keyboard,"Keyboard, text entry and focus",pending,,
S100,Asset / full screen viewer,accessibility,"VoiceOver/TalkBack names, roles, states and order",pending,,
S100,Asset / full screen viewer,motion,Reduced motion and feedback alternatives,pending,,
S100,Asset / full screen viewer,content,"Lists, hierarchy, density and pagination",pending,,
S100,Asset / full screen viewer,search,"Search, scope and filters",pending,,
S100,Asset / full screen viewer,loading,"Loading, background refresh and progress",pending,,
S100,Asset / full screen viewer,recovery,"Empty, error, denied and retry",pending,,
S100,Asset / full screen viewer,editing,"Draft, save, cancel, undo and interruption",pending,,
S100,Asset / full screen viewer,privacy,"Account scope, data use and permissions",pending,,
S100,Asset / full screen viewer,notifications,System notification entry and state,pending,,
S100,Asset / full screen viewer,media,"Camera, library, files and audio",pending,,
S100,Asset / full screen viewer,lifecycle,"Cold/warm start, blur, background and deep link",pending,,
S101,Asset / upload retry,task,Task clarity and platform-pattern fit,pending,,
S101,Asset / upload retry,navigation,"Navigation, hierarchy and return",pending,,
S101,Asset / upload retry,selection,Value selection and current value,pending,,
S101,Asset / upload retry,modality,Presentation and dismissal,pending,,
S101,Asset / upload retry,layout,"Safe areas, scroll edges and overlays",pending,,
S101,Asset / upload retry,adaptation,Phone/tablet/window reflow,pending,,
S101,Asset / upload retry,typography,"Dynamic Type, wrapping and legibility",pending,,
S101,Asset / upload retry,appearance,"Light/dark, contrast and materials",pending,,
S101,Asset / upload retry,localization,"Locale, timezone, RTL and long strings",pending,,
S101,Asset / upload retry,imagery,"Icons, photos and missing media",pending,,
S101,Asset / upload retry,targets,Touch target size and reachability,pending,,
S101,Asset / upload retry,gestures,Gestures and explicit alternatives,pending,,
S101,Asset / upload retry,keyboard,"Keyboard, text entry and focus",pending,,
S101,Asset / upload retry,accessibility,"VoiceOver/TalkBack names, roles, states and order",pending,,
S101,Asset / upload retry,motion,Reduced motion and feedback alternatives,pending,,
S101,Asset / upload retry,content,"Lists, hierarchy, density and pagination",pending,,
S101,Asset / upload retry,search,"Search, scope and filters",pending,,
S101,Asset / upload retry,loading,"Loading, background refresh and progress",pending,,
S101,Asset / upload retry,recovery,"Empty, error, denied and retry",pending,,
S101,Asset / upload retry,editing,"Draft, save, cancel, undo and interruption",pending,,
S101,Asset / upload retry,privacy,"Account scope, data use and permissions",pending,,
S101,Asset / upload retry,notifications,System notification entry and state,pending,,
S101,Asset / upload retry,media,"Camera, library, files and audio",pending,,
S101,Asset / upload retry,lifecycle,"Cold/warm start, blur, background and deep link",pending,,
S102,Asset / contained items,task,Task clarity and platform-pattern fit,pending,,
S102,Asset / contained items,navigation,"Navigation, hierarchy and return",pending,,
S102,Asset / contained items,selection,Value selection and current value,pending,,
S102,Asset / contained items,modality,Presentation and dismissal,pending,,
S102,Asset / contained items,layout,"Safe areas, scroll edges and overlays",pending,,
S102,Asset / contained items,adaptation,Phone/tablet/window reflow,pending,,
S102,Asset / contained items,typography,"Dynamic Type, wrapping and legibility",pending,,
S102,Asset / contained items,appearance,"Light/dark, contrast and materials",pending,,
S102,Asset / contained items,localization,"Locale, timezone, RTL and long strings",pending,,
S102,Asset / contained items,imagery,"Icons, photos and missing media",pending,,
S102,Asset / contained items,targets,Touch target size and reachability,pending,,
S102,Asset / contained items,gestures,Gestures and explicit alternatives,pending,,
S102,Asset / contained items,keyboard,"Keyboard, text entry and focus",pending,,
S102,Asset / contained items,accessibility,"VoiceOver/TalkBack names, roles, states and order",pending,,
S102,Asset / contained items,motion,Reduced motion and feedback alternatives,pending,,
S102,Asset / contained items,content,"Lists, hierarchy, density and pagination",pending,,
S102,Asset / contained items,search,"Search, scope and filters",pending,,
S102,Asset / contained items,loading,"Loading, background refresh and progress",pending,,
S102,Asset / contained items,recovery,"Empty, error, denied and retry",pending,,
S102,Asset / contained items,editing,"Draft, save, cancel, undo and interruption",pending,,
S102,Asset / contained items,privacy,"Account scope, data use and permissions",pending,,
S102,Asset / contained items,notifications,System notification entry and state,pending,,
S102,Asset / contained items,media,"Camera, library, files and audio",pending,,
S102,Asset / contained items,lifecycle,"Cold/warm start, blur, background and deep link",pending,,
S103,Asset / history revert,task,Task clarity and platform-pattern fit,pending,,
S103,Asset / history revert,navigation,"Navigation, hierarchy and return",pending,,
S103,Asset / history revert,selection,Value selection and current value,pending,,
S103,Asset / history revert,modality,Presentation and dismissal,pending,,
S103,Asset / history revert,layout,"Safe areas, scroll edges and overlays",pending,,
S103,Asset / history revert,adaptation,Phone/tablet/window reflow,pending,,
S103,Asset / history revert,typography,"Dynamic Type, wrapping and legibility",pending,,
S103,Asset / history revert,appearance,"Light/dark, contrast and materials",pending,,
S103,Asset / history revert,localization,"Locale, timezone, RTL and long strings",pending,,
S103,Asset / history revert,imagery,"Icons, photos and missing media",pending,,
S103,Asset / history revert,targets,Touch target size and reachability,pending,,
S103,Asset / history revert,gestures,Gestures and explicit alternatives,pending,,
S103,Asset / history revert,keyboard,"Keyboard, text entry and focus",pending,,
S103,Asset / history revert,accessibility,"VoiceOver/TalkBack names, roles, states and order",pending,,
S103,Asset / history revert,motion,Reduced motion and feedback alternatives,pending,,
S103,Asset / history revert,content,"Lists, hierarchy, density and pagination",pending,,
S103,Asset / history revert,search,"Search, scope and filters",pending,,
S103,Asset / history revert,loading,"Loading, background refresh and progress",pending,,
S103,Asset / history revert,recovery,"Empty, error, denied and retry",pending,,
S103,Asset / history revert,editing,"Draft, save, cancel, undo and interruption",pending,,
S103,Asset / history revert,privacy,"Account scope, data use and permissions",pending,,
S103,Asset / history revert,notifications,System notification entry and state,pending,,
S103,Asset / history revert,media,"Camera, library, files and audio",pending,,
S103,Asset / history revert,lifecycle,"Cold/warm start, blur, background and deep link",pending,,
S104,Settings / appearance selection,task,Task clarity and platform-pattern fit,source-reviewed,"Appearance uses shared in-place menu; three choices, immediate apply and storage rollback. Native verification pending.",M22
S104,Settings / appearance selection,navigation,"Navigation, hierarchy and return",source-reviewed,"Appearance uses shared in-place menu; three choices, immediate apply and storage rollback. Native verification pending.",M22
S104,Settings / appearance selection,selection,Value selection and current value,source-reviewed,"Appearance uses shared in-place menu; three choices, immediate apply and storage rollback. Native verification pending.",M22
S104,Settings / appearance selection,modality,Presentation and dismissal,pending,,
S104,Settings / appearance selection,layout,"Safe areas, scroll edges and overlays",pending,,
S104,Settings / appearance selection,adaptation,Phone/tablet/window reflow,pending,,
S104,Settings / appearance selection,typography,"Dynamic Type, wrapping and legibility",pending,,
S104,Settings / appearance selection,appearance,"Light/dark, contrast and materials",pending,,
S104,Settings / appearance selection,localization,"Locale, timezone, RTL and long strings",pending,,
S104,Settings / appearance selection,imagery,"Icons, photos and missing media",pending,,
S104,Settings / appearance selection,targets,Touch target size and reachability,pending,,
S104,Settings / appearance selection,gestures,Gestures and explicit alternatives,pending,,
S104,Settings / appearance selection,keyboard,"Keyboard, text entry and focus",pending,,
S104,Settings / appearance selection,accessibility,"VoiceOver/TalkBack names, roles, states and order",pending,,
S104,Settings / appearance selection,motion,Reduced motion and feedback alternatives,pending,,
S104,Settings / appearance selection,content,"Lists, hierarchy, density and pagination",pending,,
S104,Settings / appearance selection,search,"Search, scope and filters",pending,,
S104,Settings / appearance selection,loading,"Loading, background refresh and progress",pending,,
S104,Settings / appearance selection,recovery,"Empty, error, denied and retry",source-reviewed,"Appearance uses shared in-place menu; three choices, immediate apply and storage rollback. Native verification pending.",M22
S104,Settings / appearance selection,editing,"Draft, save, cancel, undo and interruption",pending,,
S104,Settings / appearance selection,privacy,"Account scope, data use and permissions",pending,,
S104,Settings / appearance selection,notifications,System notification entry and state,pending,,
S104,Settings / appearance selection,media,"Camera, library, files and audio",pending,,
S104,Settings / appearance selection,lifecycle,"Cold/warm start, blur, background and deep link",pending,,
S105,Settings / field type choice,task,Task clarity and platform-pattern fit,source-reviewed,"CustomizationEditorFields: native menu choices, immutable edit values, allowed-value/read-only guard; focused regression tests. Native runtime pending; target editing separately M11.",M02
S105,Settings / field type choice,navigation,"Navigation, hierarchy and return",pending,,
S105,Settings / field type choice,selection,Value selection and current value,source-reviewed,"CustomizationEditorFields: native menu choices, immutable edit values, allowed-value/read-only guard; focused regression tests. Native runtime pending; target editing separately M11.",M02
S105,Settings / field type choice,modality,Presentation and dismissal,pending,,
S105,Settings / field type choice,layout,"Safe areas, scroll edges and overlays",pending,,
S105,Settings / field type choice,adaptation,Phone/tablet/window reflow,pending,,
S105,Settings / field type choice,typography,"Dynamic Type, wrapping and legibility",pending,,
S105,Settings / field type choice,appearance,"Light/dark, contrast and materials",pending,,
S105,Settings / field type choice,localization,"Locale, timezone, RTL and long strings",pending,,
S105,Settings / field type choice,imagery,"Icons, photos and missing media",pending,,
S105,Settings / field type choice,targets,Touch target size and reachability,pending,,
S105,Settings / field type choice,gestures,Gestures and explicit alternatives,pending,,
S105,Settings / field type choice,keyboard,"Keyboard, text entry and focus",pending,,
S105,Settings / field type choice,accessibility,"VoiceOver/TalkBack names, roles, states and order",source-reviewed,"CustomizationEditorFields: native menu choices, immutable edit values, allowed-value/read-only guard; focused regression tests. Native runtime pending; target editing separately M11.",M02
S105,Settings / field type choice,motion,Reduced motion and feedback alternatives,pending,,
S105,Settings / field type choice,content,"Lists, hierarchy, density and pagination",pending,,
S105,Settings / field type choice,search,"Search, scope and filters",pending,,
S105,Settings / field type choice,loading,"Loading, background refresh and progress",pending,,
S105,Settings / field type choice,recovery,"Empty, error, denied and retry",pending,,
S105,Settings / field type choice,editing,"Draft, save, cancel, undo and interruption",source-reviewed,"CustomizationEditorFields: native menu choices, immutable edit values, allowed-value/read-only guard; focused regression tests. Native runtime pending; target editing separately M11.",M02
S105,Settings / field type choice,privacy,"Account scope, data use and permissions",pending,,
S105,Settings / field type choice,notifications,System notification entry and state,pending,,
S105,Settings / field type choice,media,"Camera, library, files and audio",pending,,
S105,Settings / field type choice,lifecycle,"Cold/warm start, blur, background and deep link",pending,,
S106,Settings / field applicability,task,Task clarity and platform-pattern fit,source-reviewed,"CustomizationEditorFields: native menu choices, immutable edit values, allowed-value/read-only guard; focused regression tests. Native runtime pending; target editing separately M11.",M02
S106,Settings / field applicability,navigation,"Navigation, hierarchy and return",pending,,
S106,Settings / field applicability,selection,Value selection and current value,source-reviewed,"03fb6967; saved/draft target distinction, unavailable draft recovery;37 focused tests/check/structural;runtime pending",M11
S106,Settings / field applicability,modality,Presentation and dismissal,pending,,
S106,Settings / field applicability,layout,"Safe areas, scroll edges and overlays",pending,,
S106,Settings / field applicability,adaptation,Phone/tablet/window reflow,pending,,
S106,Settings / field applicability,typography,"Dynamic Type, wrapping and legibility",pending,,
S106,Settings / field applicability,appearance,"Light/dark, contrast and materials",pending,,
S106,Settings / field applicability,localization,"Locale, timezone, RTL and long strings",pending,,
S106,Settings / field applicability,imagery,"Icons, photos and missing media",pending,,
S106,Settings / field applicability,targets,Touch target size and reachability,pending,,
S106,Settings / field applicability,gestures,Gestures and explicit alternatives,pending,,
S106,Settings / field applicability,keyboard,"Keyboard, text entry and focus",pending,,
S106,Settings / field applicability,accessibility,"VoiceOver/TalkBack names, roles, states and order",source-reviewed,"03fb6967; saved/draft target distinction, unavailable draft recovery;37 focused tests/check/structural;runtime pending",M11
S106,Settings / field applicability,motion,Reduced motion and feedback alternatives,pending,,
S106,Settings / field applicability,content,"Lists, hierarchy, density and pagination",pending,,
S106,Settings / field applicability,search,"Search, scope and filters",pending,,
S106,Settings / field applicability,loading,"Loading, background refresh and progress",pending,,
S106,Settings / field applicability,recovery,"Empty, error, denied and retry",source-reviewed,"03fb6967; saved/draft target distinction, unavailable draft recovery;37 focused tests/check/structural;runtime pending",M11
S106,Settings / field applicability,editing,"Draft, save, cancel, undo and interruption",source-reviewed,"03fb6967; saved/draft target distinction, unavailable draft recovery;37 focused tests/check/structural;runtime pending",M11
S106,Settings / field applicability,privacy,"Account scope, data use and permissions",pending,,
S106,Settings / field applicability,notifications,System notification entry and state,pending,,
S106,Settings / field applicability,media,"Camera, library, files and audio",pending,,
S106,Settings / field applicability,lifecycle,"Cold/warm start, blur, background and deep link",pending,,
S107,Settings / enum options,task,Task clarity and platform-pattern fit,source-reviewed,"M15; saved options immutable, draft removal in place; 43 focused tests/check/structural; native fixture pending",M15
S107,Settings / enum options,navigation,"Navigation, hierarchy and return",pending,,
S107,Settings / enum options,selection,Value selection and current value,source-reviewed,"M15; saved options immutable, draft removal in place; 43 focused tests/check/structural; native fixture pending",M15
S107,Settings / enum options,modality,Presentation and dismissal,pending,,
S107,Settings / enum options,layout,"Safe areas, scroll edges and overlays",pending,,
S107,Settings / enum options,adaptation,Phone/tablet/window reflow,pending,,
S107,Settings / enum options,typography,"Dynamic Type, wrapping and legibility",pending,,
S107,Settings / enum options,appearance,"Light/dark, contrast and materials",pending,,
S107,Settings / enum options,localization,"Locale, timezone, RTL and long strings",pending,,
S107,Settings / enum options,imagery,"Icons, photos and missing media",pending,,
S107,Settings / enum options,targets,Touch target size and reachability,pending,,
S107,Settings / enum options,gestures,Gestures and explicit alternatives,pending,,
S107,Settings / enum options,keyboard,"Keyboard, text entry and focus",pending,,
S107,Settings / enum options,accessibility,"VoiceOver/TalkBack names, roles, states and order",pending,,
S107,Settings / enum options,motion,Reduced motion and feedback alternatives,pending,,
S107,Settings / enum options,content,"Lists, hierarchy, density and pagination",pending,,
S107,Settings / enum options,search,"Search, scope and filters",pending,,
S107,Settings / enum options,loading,"Loading, background refresh and progress",pending,,
S107,Settings / enum options,recovery,"Empty, error, denied and retry",pending,,
S107,Settings / enum options,editing,"Draft, save, cancel, undo and interruption",source-reviewed,"M15; saved options immutable, draft removal in place; 43 focused tests/check/structural; native fixture pending",M15
S107,Settings / enum options,privacy,"Account scope, data use and permissions",pending,,
S107,Settings / enum options,notifications,System notification entry and state,pending,,
S107,Settings / enum options,media,"Camera, library, files and audio",pending,,
S107,Settings / enum options,lifecycle,"Cold/warm start, blur, background and deep link",pending,,
S108,Settings / tag color,task,Task clarity and platform-pattern fit,source-reviewed,Native color picker nested inside custom draft panel; redundant iOS edit surface found. Android fallback has spec-level native limitation.,M23
S108,Settings / tag color,navigation,"Navigation, hierarchy and return",pending,,
S108,Settings / tag color,selection,Value selection and current value,pending,,
S108,Settings / tag color,modality,Presentation and dismissal,source-reviewed,Native color picker nested inside custom draft panel; redundant iOS edit surface found. Android fallback has spec-level native limitation.,M23
S108,Settings / tag color,layout,"Safe areas, scroll edges and overlays",pending,,
S108,Settings / tag color,adaptation,Phone/tablet/window reflow,pending,,
S108,Settings / tag color,typography,"Dynamic Type, wrapping and legibility",pending,,
S108,Settings / tag color,appearance,"Light/dark, contrast and materials",pending,,
S108,Settings / tag color,localization,"Locale, timezone, RTL and long strings",pending,,
S108,Settings / tag color,imagery,"Icons, photos and missing media",pending,,
S108,Settings / tag color,targets,Touch target size and reachability,pending,,
S108,Settings / tag color,gestures,Gestures and explicit alternatives,pending,,
S108,Settings / tag color,keyboard,"Keyboard, text entry and focus",pending,,
S108,Settings / tag color,accessibility,"VoiceOver/TalkBack names, roles, states and order",pending,,
S108,Settings / tag color,motion,Reduced motion and feedback alternatives,pending,,
S108,Settings / tag color,content,"Lists, hierarchy, density and pagination",pending,,
S108,Settings / tag color,search,"Search, scope and filters",pending,,
S108,Settings / tag color,loading,"Loading, background refresh and progress",pending,,
S108,Settings / tag color,recovery,"Empty, error, denied and retry",pending,,
S108,Settings / tag color,editing,"Draft, save, cancel, undo and interruption",source-reviewed,Native color picker nested inside custom draft panel; redundant iOS edit surface found. Android fallback has spec-level native limitation.,M23
S108,Settings / tag color,privacy,"Account scope, data use and permissions",pending,,
S108,Settings / tag color,notifications,System notification entry and state,pending,,
S108,Settings / tag color,media,"Camera, library, files and audio",pending,,
S108,Settings / tag color,lifecycle,"Cold/warm start, blur, background and deep link",pending,,
S109,Settings / inherited definition,task,Task clarity and platform-pattern fit,pending,,
S109,Settings / inherited definition,navigation,"Navigation, hierarchy and return",pending,,
S109,Settings / inherited definition,selection,Value selection and current value,pending,,
S109,Settings / inherited definition,modality,Presentation and dismissal,pending,,
S109,Settings / inherited definition,layout,"Safe areas, scroll edges and overlays",pending,,
S109,Settings / inherited definition,adaptation,Phone/tablet/window reflow,pending,,
S109,Settings / inherited definition,typography,"Dynamic Type, wrapping and legibility",pending,,
S109,Settings / inherited definition,appearance,"Light/dark, contrast and materials",pending,,
S109,Settings / inherited definition,localization,"Locale, timezone, RTL and long strings",pending,,
S109,Settings / inherited definition,imagery,"Icons, photos and missing media",pending,,
S109,Settings / inherited definition,targets,Touch target size and reachability,pending,,
S109,Settings / inherited definition,gestures,Gestures and explicit alternatives,pending,,
S109,Settings / inherited definition,keyboard,"Keyboard, text entry and focus",pending,,
S109,Settings / inherited definition,accessibility,"VoiceOver/TalkBack names, roles, states and order",pending,,
S109,Settings / inherited definition,motion,Reduced motion and feedback alternatives,pending,,
S109,Settings / inherited definition,content,"Lists, hierarchy, density and pagination",pending,,
S109,Settings / inherited definition,search,"Search, scope and filters",pending,,
S109,Settings / inherited definition,loading,"Loading, background refresh and progress",pending,,
S109,Settings / inherited definition,recovery,"Empty, error, denied and retry",pending,,
S109,Settings / inherited definition,editing,"Draft, save, cancel, undo and interruption",pending,,
S109,Settings / inherited definition,privacy,"Account scope, data use and permissions",pending,,
S109,Settings / inherited definition,notifications,System notification entry and state,pending,,
S109,Settings / inherited definition,media,"Camera, library, files and audio",pending,,
S109,Settings / inherited definition,lifecycle,"Cold/warm start, blur, background and deep link",pending,,
S110,Settings / dirty editor exit,task,Task clarity and platform-pattern fit,pending,,
S110,Settings / dirty editor exit,navigation,"Navigation, hierarchy and return",pending,,
S110,Settings / dirty editor exit,selection,Value selection and current value,pending,,
S110,Settings / dirty editor exit,modality,Presentation and dismissal,pending,,
S110,Settings / dirty editor exit,layout,"Safe areas, scroll edges and overlays",pending,,
S110,Settings / dirty editor exit,adaptation,Phone/tablet/window reflow,pending,,
S110,Settings / dirty editor exit,typography,"Dynamic Type, wrapping and legibility",pending,,
S110,Settings / dirty editor exit,appearance,"Light/dark, contrast and materials",pending,,
S110,Settings / dirty editor exit,localization,"Locale, timezone, RTL and long strings",pending,,
S110,Settings / dirty editor exit,imagery,"Icons, photos and missing media",pending,,
S110,Settings / dirty editor exit,targets,Touch target size and reachability,pending,,
S110,Settings / dirty editor exit,gestures,Gestures and explicit alternatives,pending,,
S110,Settings / dirty editor exit,keyboard,"Keyboard, text entry and focus",pending,,
S110,Settings / dirty editor exit,accessibility,"VoiceOver/TalkBack names, roles, states and order",pending,,
S110,Settings / dirty editor exit,motion,Reduced motion and feedback alternatives,pending,,
S110,Settings / dirty editor exit,content,"Lists, hierarchy, density and pagination",pending,,
S110,Settings / dirty editor exit,search,"Search, scope and filters",pending,,
S110,Settings / dirty editor exit,loading,"Loading, background refresh and progress",pending,,
S110,Settings / dirty editor exit,recovery,"Empty, error, denied and retry",pending,,
S110,Settings / dirty editor exit,editing,"Draft, save, cancel, undo and interruption",pending,,
S110,Settings / dirty editor exit,privacy,"Account scope, data use and permissions",pending,,
S110,Settings / dirty editor exit,notifications,System notification entry and state,pending,,
S110,Settings / dirty editor exit,media,"Camera, library, files and audio",pending,,
S110,Settings / dirty editor exit,lifecycle,"Cold/warm start, blur, background and deep link",pending,,
S111,Reminders / defaults,task,Task clarity and platform-pattern fit,pending,,
S111,Reminders / defaults,navigation,"Navigation, hierarchy and return",pending,,
S111,Reminders / defaults,selection,Value selection and current value,pending,,
S111,Reminders / defaults,modality,Presentation and dismissal,pending,,
S111,Reminders / defaults,layout,"Safe areas, scroll edges and overlays",pending,,
S111,Reminders / defaults,adaptation,Phone/tablet/window reflow,pending,,
S111,Reminders / defaults,typography,"Dynamic Type, wrapping and legibility",pending,,
S111,Reminders / defaults,appearance,"Light/dark, contrast and materials",pending,,
S111,Reminders / defaults,localization,"Locale, timezone, RTL and long strings",pending,,
S111,Reminders / defaults,imagery,"Icons, photos and missing media",pending,,
S111,Reminders / defaults,targets,Touch target size and reachability,pending,,
S111,Reminders / defaults,gestures,Gestures and explicit alternatives,pending,,
S111,Reminders / defaults,keyboard,"Keyboard, text entry and focus",pending,,
S111,Reminders / defaults,accessibility,"VoiceOver/TalkBack names, roles, states and order",pending,,
S111,Reminders / defaults,motion,Reduced motion and feedback alternatives,pending,,
S111,Reminders / defaults,content,"Lists, hierarchy, density and pagination",pending,,
S111,Reminders / defaults,search,"Search, scope and filters",pending,,
S111,Reminders / defaults,loading,"Loading, background refresh and progress",pending,,
S111,Reminders / defaults,recovery,"Empty, error, denied and retry",pending,,
S111,Reminders / defaults,editing,"Draft, save, cancel, undo and interruption",pending,,
S111,Reminders / defaults,privacy,"Account scope, data use and permissions",pending,,
S111,Reminders / defaults,notifications,System notification entry and state,pending,,
S111,Reminders / defaults,media,"Camera, library, files and audio",pending,,
S111,Reminders / defaults,lifecycle,"Cold/warm start, blur, background and deep link",pending,,
S112,Reminders / type override,task,Task clarity and platform-pattern fit,pending,,
S112,Reminders / type override,navigation,"Navigation, hierarchy and return",pending,,
S112,Reminders / type override,selection,Value selection and current value,pending,,
S112,Reminders / type override,modality,Presentation and dismissal,pending,,
S112,Reminders / type override,layout,"Safe areas, scroll edges and overlays",pending,,
S112,Reminders / type override,adaptation,Phone/tablet/window reflow,pending,,
S112,Reminders / type override,typography,"Dynamic Type, wrapping and legibility",pending,,
S112,Reminders / type override,appearance,"Light/dark, contrast and materials",pending,,
S112,Reminders / type override,localization,"Locale, timezone, RTL and long strings",pending,,
S112,Reminders / type override,imagery,"Icons, photos and missing media",pending,,
S112,Reminders / type override,targets,Touch target size and reachability,pending,,
S112,Reminders / type override,gestures,Gestures and explicit alternatives,pending,,
S112,Reminders / type override,keyboard,"Keyboard, text entry and focus",pending,,
S112,Reminders / type override,accessibility,"VoiceOver/TalkBack names, roles, states and order",pending,,
S112,Reminders / type override,motion,Reduced motion and feedback alternatives,pending,,
S112,Reminders / type override,content,"Lists, hierarchy, density and pagination",pending,,
S112,Reminders / type override,search,"Search, scope and filters",pending,,
S112,Reminders / type override,loading,"Loading, background refresh and progress",pending,,
S112,Reminders / type override,recovery,"Empty, error, denied and retry",pending,,
S112,Reminders / type override,editing,"Draft, save, cancel, undo and interruption",pending,,
S112,Reminders / type override,privacy,"Account scope, data use and permissions",pending,,
S112,Reminders / type override,notifications,System notification entry and state,pending,,
S112,Reminders / type override,media,"Camera, library, files and audio",pending,,
S112,Reminders / type override,lifecycle,"Cold/warm start, blur, background and deep link",pending,,
S113,Reminders / preset timing,task,Task clarity and platform-pattern fit,pending,,
S113,Reminders / preset timing,navigation,"Navigation, hierarchy and return",pending,,
S113,Reminders / preset timing,selection,Value selection and current value,pending,,
S113,Reminders / preset timing,modality,Presentation and dismissal,pending,,
S113,Reminders / preset timing,layout,"Safe areas, scroll edges and overlays",pending,,
S113,Reminders / preset timing,adaptation,Phone/tablet/window reflow,pending,,
S113,Reminders / preset timing,typography,"Dynamic Type, wrapping and legibility",pending,,
S113,Reminders / preset timing,appearance,"Light/dark, contrast and materials",pending,,
S113,Reminders / preset timing,localization,"Locale, timezone, RTL and long strings",pending,,
S113,Reminders / preset timing,imagery,"Icons, photos and missing media",pending,,
S113,Reminders / preset timing,targets,Touch target size and reachability,pending,,
S113,Reminders / preset timing,gestures,Gestures and explicit alternatives,pending,,
S113,Reminders / preset timing,keyboard,"Keyboard, text entry and focus",pending,,
S113,Reminders / preset timing,accessibility,"VoiceOver/TalkBack names, roles, states and order",pending,,
S113,Reminders / preset timing,motion,Reduced motion and feedback alternatives,pending,,
S113,Reminders / preset timing,content,"Lists, hierarchy, density and pagination",pending,,
S113,Reminders / preset timing,search,"Search, scope and filters",pending,,
S113,Reminders / preset timing,loading,"Loading, background refresh and progress",pending,,
S113,Reminders / preset timing,recovery,"Empty, error, denied and retry",pending,,
S113,Reminders / preset timing,editing,"Draft, save, cancel, undo and interruption",pending,,
S113,Reminders / preset timing,privacy,"Account scope, data use and permissions",pending,,
S113,Reminders / preset timing,notifications,System notification entry and state,pending,,
S113,Reminders / preset timing,media,"Camera, library, files and audio",pending,,
S113,Reminders / preset timing,lifecycle,"Cold/warm start, blur, background and deep link",pending,,
S114,Reminders / custom timing,task,Task clarity and platform-pattern fit,pending,,
S114,Reminders / custom timing,navigation,"Navigation, hierarchy and return",pending,,
S114,Reminders / custom timing,selection,Value selection and current value,pending,,
S114,Reminders / custom timing,modality,Presentation and dismissal,pending,,
S114,Reminders / custom timing,layout,"Safe areas, scroll edges and overlays",pending,,
S114,Reminders / custom timing,adaptation,Phone/tablet/window reflow,pending,,
S114,Reminders / custom timing,typography,"Dynamic Type, wrapping and legibility",pending,,
S114,Reminders / custom timing,appearance,"Light/dark, contrast and materials",pending,,
S114,Reminders / custom timing,localization,"Locale, timezone, RTL and long strings",pending,,
S114,Reminders / custom timing,imagery,"Icons, photos and missing media",pending,,
S114,Reminders / custom timing,targets,Touch target size and reachability,pending,,
S114,Reminders / custom timing,gestures,Gestures and explicit alternatives,pending,,
S114,Reminders / custom timing,keyboard,"Keyboard, text entry and focus",pending,,
S114,Reminders / custom timing,accessibility,"VoiceOver/TalkBack names, roles, states and order",pending,,
S114,Reminders / custom timing,motion,Reduced motion and feedback alternatives,pending,,
S114,Reminders / custom timing,content,"Lists, hierarchy, density and pagination",pending,,
S114,Reminders / custom timing,search,"Search, scope and filters",pending,,
S114,Reminders / custom timing,loading,"Loading, background refresh and progress",pending,,
S114,Reminders / custom timing,recovery,"Empty, error, denied and retry",pending,,
S114,Reminders / custom timing,editing,"Draft, save, cancel, undo and interruption",pending,,
S114,Reminders / custom timing,privacy,"Account scope, data use and permissions",pending,,
S114,Reminders / custom timing,notifications,System notification entry and state,pending,,
S114,Reminders / custom timing,media,"Camera, library, files and audio",pending,,
S114,Reminders / custom timing,lifecycle,"Cold/warm start, blur, background and deep link",pending,,
S115,Reminders / timezone search,task,Task clarity and platform-pattern fit,source-reviewed,"TimeZonePicker searches large Intl zone list, marks current choice, serializes save, reports retryable error and guards unmounted updates; native keyboard/assistive verification pending.",
S115,Reminders / timezone search,navigation,"Navigation, hierarchy and return",pending,,
S115,Reminders / timezone search,selection,Value selection and current value,source-reviewed,"TimeZonePicker searches large Intl zone list, marks current choice, serializes save, reports retryable error and guards unmounted updates; native keyboard/assistive verification pending.",
S115,Reminders / timezone search,modality,Presentation and dismissal,pending,,
S115,Reminders / timezone search,layout,"Safe areas, scroll edges and overlays",pending,,
S115,Reminders / timezone search,adaptation,Phone/tablet/window reflow,pending,,
S115,Reminders / timezone search,typography,"Dynamic Type, wrapping and legibility",pending,,
S115,Reminders / timezone search,appearance,"Light/dark, contrast and materials",pending,,
S115,Reminders / timezone search,localization,"Locale, timezone, RTL and long strings",pending,,
S115,Reminders / timezone search,imagery,"Icons, photos and missing media",pending,,
S115,Reminders / timezone search,targets,Touch target size and reachability,pending,,
S115,Reminders / timezone search,gestures,Gestures and explicit alternatives,pending,,
S115,Reminders / timezone search,keyboard,"Keyboard, text entry and focus",pending,,
S115,Reminders / timezone search,accessibility,"VoiceOver/TalkBack names, roles, states and order",pending,,
S115,Reminders / timezone search,motion,Reduced motion and feedback alternatives,pending,,
S115,Reminders / timezone search,content,"Lists, hierarchy, density and pagination",pending,,
S115,Reminders / timezone search,search,"Search, scope and filters",pending,,
S115,Reminders / timezone search,loading,"Loading, background refresh and progress",source-reviewed,"TimeZonePicker searches large Intl zone list, marks current choice, serializes save, reports retryable error and guards unmounted updates; native keyboard/assistive verification pending.",
S115,Reminders / timezone search,recovery,"Empty, error, denied and retry",source-reviewed,"TimeZonePicker searches large Intl zone list, marks current choice, serializes save, reports retryable error and guards unmounted updates; native keyboard/assistive verification pending.",
S115,Reminders / timezone search,editing,"Draft, save, cancel, undo and interruption",pending,,
S115,Reminders / timezone search,privacy,"Account scope, data use and permissions",pending,,
S115,Reminders / timezone search,notifications,System notification entry and state,pending,,
S115,Reminders / timezone search,media,"Camera, library, files and audio",pending,,
S115,Reminders / timezone search,lifecycle,"Cold/warm start, blur, background and deep link",pending,,
S116,Reminders / push permissions,task,Task clarity and platform-pattern fit,pending,,
S116,Reminders / push permissions,navigation,"Navigation, hierarchy and return",pending,,
S116,Reminders / push permissions,selection,Value selection and current value,pending,,
S116,Reminders / push permissions,modality,Presentation and dismissal,pending,,
S116,Reminders / push permissions,layout,"Safe areas, scroll edges and overlays",pending,,
S116,Reminders / push permissions,adaptation,Phone/tablet/window reflow,pending,,
S116,Reminders / push permissions,typography,"Dynamic Type, wrapping and legibility",pending,,
S116,Reminders / push permissions,appearance,"Light/dark, contrast and materials",pending,,
S116,Reminders / push permissions,localization,"Locale, timezone, RTL and long strings",pending,,
S116,Reminders / push permissions,imagery,"Icons, photos and missing media",pending,,
S116,Reminders / push permissions,targets,Touch target size and reachability,pending,,
S116,Reminders / push permissions,gestures,Gestures and explicit alternatives,pending,,
S116,Reminders / push permissions,keyboard,"Keyboard, text entry and focus",pending,,
S116,Reminders / push permissions,accessibility,"VoiceOver/TalkBack names, roles, states and order",pending,,
S116,Reminders / push permissions,motion,Reduced motion and feedback alternatives,pending,,
S116,Reminders / push permissions,content,"Lists, hierarchy, density and pagination",pending,,
S116,Reminders / push permissions,search,"Search, scope and filters",pending,,
S116,Reminders / push permissions,loading,"Loading, background refresh and progress",pending,,
S116,Reminders / push permissions,recovery,"Empty, error, denied and retry",pending,,
S116,Reminders / push permissions,editing,"Draft, save, cancel, undo and interruption",pending,,
S116,Reminders / push permissions,privacy,"Account scope, data use and permissions",pending,,
S116,Reminders / push permissions,notifications,System notification entry and state,pending,,
S116,Reminders / push permissions,media,"Camera, library, files and audio",pending,,
S116,Reminders / push permissions,lifecycle,"Cold/warm start, blur, background and deep link",pending,,
S117,Voice / accessory,task,Task clarity and platform-pattern fit,pending,,
S117,Voice / accessory,navigation,"Navigation, hierarchy and return",pending,,
S117,Voice / accessory,selection,Value selection and current value,pending,,
S117,Voice / accessory,modality,Presentation and dismissal,pending,,
S117,Voice / accessory,layout,"Safe areas, scroll edges and overlays",pending,,
S117,Voice / accessory,adaptation,Phone/tablet/window reflow,pending,,
S117,Voice / accessory,typography,"Dynamic Type, wrapping and legibility",source-reviewed,"Accessory status title/subtitle truncate visually, explicit accessible name omits both. Native semantics require correction and runtime review.",M26
S117,Voice / accessory,appearance,"Light/dark, contrast and materials",pending,,
S117,Voice / accessory,localization,"Locale, timezone, RTL and long strings",pending,,
S117,Voice / accessory,imagery,"Icons, photos and missing media",pending,,
S117,Voice / accessory,targets,Touch target size and reachability,pending,,
S117,Voice / accessory,gestures,Gestures and explicit alternatives,pending,,
S117,Voice / accessory,keyboard,"Keyboard, text entry and focus",pending,,
S117,Voice / accessory,accessibility,"VoiceOver/TalkBack names, roles, states and order",source-reviewed,"Accessory status title/subtitle truncate visually, explicit accessible name omits both. Native semantics require correction and runtime review.",M26
S117,Voice / accessory,motion,Reduced motion and feedback alternatives,pending,,
S117,Voice / accessory,content,"Lists, hierarchy, density and pagination",source-reviewed,"Accessory status title/subtitle truncate visually, explicit accessible name omits both. Native semantics require correction and runtime review.",M26
S117,Voice / accessory,search,"Search, scope and filters",pending,,
S117,Voice / accessory,loading,"Loading, background refresh and progress",pending,,
S117,Voice / accessory,recovery,"Empty, error, denied and retry",pending,,
S117,Voice / accessory,editing,"Draft, save, cancel, undo and interruption",pending,,
S117,Voice / accessory,privacy,"Account scope, data use and permissions",pending,,
S117,Voice / accessory,notifications,System notification entry and state,pending,,
S117,Voice / accessory,media,"Camera, library, files and audio",pending,,
S117,Voice / accessory,lifecycle,"Cold/warm start, blur, background and deep link",pending,,
S118,Voice / typed composer,task,Task clarity and platform-pattern fit,pending,,
S118,Voice / typed composer,navigation,"Navigation, hierarchy and return",pending,,
S118,Voice / typed composer,selection,Value selection and current value,pending,,
S118,Voice / typed composer,modality,Presentation and dismissal,pending,,
S118,Voice / typed composer,layout,"Safe areas, scroll edges and overlays",pending,,
S118,Voice / typed composer,adaptation,Phone/tablet/window reflow,pending,,
S118,Voice / typed composer,typography,"Dynamic Type, wrapping and legibility",source-reviewed,Composer Cancel is fixed44 text; standalone recording meter uses onAction against surface. Native and enlarged-text verification pending.,M24;M25
S118,Voice / typed composer,appearance,"Light/dark, contrast and materials",source-reviewed,Composer Cancel is fixed44 text; standalone recording meter uses onAction against surface. Native and enlarged-text verification pending.,M24;M25
S118,Voice / typed composer,localization,"Locale, timezone, RTL and long strings",pending,,
S118,Voice / typed composer,imagery,"Icons, photos and missing media",pending,,
S118,Voice / typed composer,targets,Touch target size and reachability,source-reviewed,Composer Cancel is fixed44 text; standalone recording meter uses onAction against surface. Native and enlarged-text verification pending.,M24;M25
S118,Voice / typed composer,gestures,Gestures and explicit alternatives,pending,,
S118,Voice / typed composer,keyboard,"Keyboard, text entry and focus",pending,,
S118,Voice / typed composer,accessibility,"VoiceOver/TalkBack names, roles, states and order",pending,,
S118,Voice / typed composer,motion,Reduced motion and feedback alternatives,pending,,
S118,Voice / typed composer,content,"Lists, hierarchy, density and pagination",pending,,
S118,Voice / typed composer,search,"Search, scope and filters",pending,,
S118,Voice / typed composer,loading,"Loading, background refresh and progress",pending,,
S118,Voice / typed composer,recovery,"Empty, error, denied and retry",pending,,
S118,Voice / typed composer,editing,"Draft, save, cancel, undo and interruption",pending,,
S118,Voice / typed composer,privacy,"Account scope, data use and permissions",pending,,
S118,Voice / typed composer,notifications,System notification entry and state,pending,,
S118,Voice / typed composer,media,"Camera, library, files and audio",pending,,
S118,Voice / typed composer,lifecycle,"Cold/warm start, blur, background and deep link",pending,,
S119,Voice / recording,task,Task clarity and platform-pattern fit,pending,,
S119,Voice / recording,navigation,"Navigation, hierarchy and return",pending,,
S119,Voice / recording,selection,Value selection and current value,pending,,
S119,Voice / recording,modality,Presentation and dismissal,pending,,
S119,Voice / recording,layout,"Safe areas, scroll edges and overlays",pending,,
S119,Voice / recording,adaptation,Phone/tablet/window reflow,pending,,
S119,Voice / recording,typography,"Dynamic Type, wrapping and legibility",pending,,
S119,Voice / recording,appearance,"Light/dark, contrast and materials",pending,,
S119,Voice / recording,localization,"Locale, timezone, RTL and long strings",pending,,
S119,Voice / recording,imagery,"Icons, photos and missing media",pending,,
S119,Voice / recording,targets,Touch target size and reachability,pending,,
S119,Voice / recording,gestures,Gestures and explicit alternatives,pending,,
S119,Voice / recording,keyboard,"Keyboard, text entry and focus",pending,,
S119,Voice / recording,accessibility,"VoiceOver/TalkBack names, roles, states and order",pending,,
S119,Voice / recording,motion,Reduced motion and feedback alternatives,pending,,
S119,Voice / recording,content,"Lists, hierarchy, density and pagination",pending,,
S119,Voice / recording,search,"Search, scope and filters",pending,,
S119,Voice / recording,loading,"Loading, background refresh and progress",pending,,
S119,Voice / recording,recovery,"Empty, error, denied and retry",pending,,
S119,Voice / recording,editing,"Draft, save, cancel, undo and interruption",pending,,
S119,Voice / recording,privacy,"Account scope, data use and permissions",pending,,
S119,Voice / recording,notifications,System notification entry and state,pending,,
S119,Voice / recording,media,"Camera, library, files and audio",pending,,
S119,Voice / recording,lifecycle,"Cold/warm start, blur, background and deep link",pending,,
S120,Voice / processing,task,Task clarity and platform-pattern fit,pending,,
S120,Voice / processing,navigation,"Navigation, hierarchy and return",pending,,
S120,Voice / processing,selection,Value selection and current value,pending,,
S120,Voice / processing,modality,Presentation and dismissal,pending,,
S120,Voice / processing,layout,"Safe areas, scroll edges and overlays",pending,,
S120,Voice / processing,adaptation,Phone/tablet/window reflow,pending,,
S120,Voice / processing,typography,"Dynamic Type, wrapping and legibility",pending,,
S120,Voice / processing,appearance,"Light/dark, contrast and materials",pending,,
S120,Voice / processing,localization,"Locale, timezone, RTL and long strings",pending,,
S120,Voice / processing,imagery,"Icons, photos and missing media",pending,,
S120,Voice / processing,targets,Touch target size and reachability,pending,,
S120,Voice / processing,gestures,Gestures and explicit alternatives,pending,,
S120,Voice / processing,keyboard,"Keyboard, text entry and focus",pending,,
S120,Voice / processing,accessibility,"VoiceOver/TalkBack names, roles, states and order",pending,,
S120,Voice / processing,motion,Reduced motion and feedback alternatives,pending,,
S120,Voice / processing,content,"Lists, hierarchy, density and pagination",pending,,
S120,Voice / processing,search,"Search, scope and filters",pending,,
S120,Voice / processing,loading,"Loading, background refresh and progress",pending,,
S120,Voice / processing,recovery,"Empty, error, denied and retry",pending,,
S120,Voice / processing,editing,"Draft, save, cancel, undo and interruption",pending,,
S120,Voice / processing,privacy,"Account scope, data use and permissions",pending,,
S120,Voice / processing,notifications,System notification entry and state,pending,,
S120,Voice / processing,media,"Camera, library, files and audio",pending,,
S120,Voice / processing,lifecycle,"Cold/warm start, blur, background and deep link",pending,,
S121,Voice / response,task,Task clarity and platform-pattern fit,pending,,
S121,Voice / response,navigation,"Navigation, hierarchy and return",pending,,
S121,Voice / response,selection,Value selection and current value,pending,,
S121,Voice / response,modality,Presentation and dismissal,pending,,
S121,Voice / response,layout,"Safe areas, scroll edges and overlays",pending,,
S121,Voice / response,adaptation,Phone/tablet/window reflow,pending,,
S121,Voice / response,typography,"Dynamic Type, wrapping and legibility",pending,,
S121,Voice / response,appearance,"Light/dark, contrast and materials",pending,,
S121,Voice / response,localization,"Locale, timezone, RTL and long strings",pending,,
S121,Voice / response,imagery,"Icons, photos and missing media",pending,,
S121,Voice / response,targets,Touch target size and reachability,pending,,
S121,Voice / response,gestures,Gestures and explicit alternatives,pending,,
S121,Voice / response,keyboard,"Keyboard, text entry and focus",pending,,
S121,Voice / response,accessibility,"VoiceOver/TalkBack names, roles, states and order",pending,,
S121,Voice / response,motion,Reduced motion and feedback alternatives,pending,,
S121,Voice / response,content,"Lists, hierarchy, density and pagination",pending,,
S121,Voice / response,search,"Search, scope and filters",pending,,
S121,Voice / response,loading,"Loading, background refresh and progress",pending,,
S121,Voice / response,recovery,"Empty, error, denied and retry",pending,,
S121,Voice / response,editing,"Draft, save, cancel, undo and interruption",pending,,
S121,Voice / response,privacy,"Account scope, data use and permissions",pending,,
S121,Voice / response,notifications,System notification entry and state,pending,,
S121,Voice / response,media,"Camera, library, files and audio",pending,,
S121,Voice / response,lifecycle,"Cold/warm start, blur, background and deep link",pending,,
S122,Voice / plan approval edits,task,Task clarity and platform-pattern fit,pending,,
S122,Voice / plan approval edits,navigation,"Navigation, hierarchy and return",pending,,
S122,Voice / plan approval edits,selection,Value selection and current value,pending,,
S122,Voice / plan approval edits,modality,Presentation and dismissal,pending,,
S122,Voice / plan approval edits,layout,"Safe areas, scroll edges and overlays",pending,,
S122,Voice / plan approval edits,adaptation,Phone/tablet/window reflow,pending,,
S122,Voice / plan approval edits,typography,"Dynamic Type, wrapping and legibility",pending,,
S122,Voice / plan approval edits,appearance,"Light/dark, contrast and materials",pending,,
S122,Voice / plan approval edits,localization,"Locale, timezone, RTL and long strings",pending,,
S122,Voice / plan approval edits,imagery,"Icons, photos and missing media",pending,,
S122,Voice / plan approval edits,targets,Touch target size and reachability,pending,,
S122,Voice / plan approval edits,gestures,Gestures and explicit alternatives,pending,,
S122,Voice / plan approval edits,keyboard,"Keyboard, text entry and focus",pending,,
S122,Voice / plan approval edits,accessibility,"VoiceOver/TalkBack names, roles, states and order",pending,,
S122,Voice / plan approval edits,motion,Reduced motion and feedback alternatives,pending,,
S122,Voice / plan approval edits,content,"Lists, hierarchy, density and pagination",pending,,
S122,Voice / plan approval edits,search,"Search, scope and filters",pending,,
S122,Voice / plan approval edits,loading,"Loading, background refresh and progress",pending,,
S122,Voice / plan approval edits,recovery,"Empty, error, denied and retry",pending,,
S122,Voice / plan approval edits,editing,"Draft, save, cancel, undo and interruption",pending,,
S122,Voice / plan approval edits,privacy,"Account scope, data use and permissions",pending,,
S122,Voice / plan approval edits,notifications,System notification entry and state,pending,,
S122,Voice / plan approval edits,media,"Camera, library, files and audio",pending,,
S122,Voice / plan approval edits,lifecycle,"Cold/warm start, blur, background and deep link",pending,,
S123,Voice / plan progress recovery,task,Task clarity and platform-pattern fit,pending,,
S123,Voice / plan progress recovery,navigation,"Navigation, hierarchy and return",pending,,
S123,Voice / plan progress recovery,selection,Value selection and current value,pending,,
S123,Voice / plan progress recovery,modality,Presentation and dismissal,pending,,
S123,Voice / plan progress recovery,layout,"Safe areas, scroll edges and overlays",pending,,
S123,Voice / plan progress recovery,adaptation,Phone/tablet/window reflow,pending,,
S123,Voice / plan progress recovery,typography,"Dynamic Type, wrapping and legibility",pending,,
S123,Voice / plan progress recovery,appearance,"Light/dark, contrast and materials",pending,,
S123,Voice / plan progress recovery,localization,"Locale, timezone, RTL and long strings",pending,,
S123,Voice / plan progress recovery,imagery,"Icons, photos and missing media",pending,,
S123,Voice / plan progress recovery,targets,Touch target size and reachability,pending,,
S123,Voice / plan progress recovery,gestures,Gestures and explicit alternatives,pending,,
S123,Voice / plan progress recovery,keyboard,"Keyboard, text entry and focus",pending,,
S123,Voice / plan progress recovery,accessibility,"VoiceOver/TalkBack names, roles, states and order",source-reviewed,"VoicePlanProgress distinguishes saving/uploading/attached/failure counts, exposes progress role/value and polite updates. Runtime announcement/reflow pending.",
S123,Voice / plan progress recovery,motion,Reduced motion and feedback alternatives,pending,,
S123,Voice / plan progress recovery,content,"Lists, hierarchy, density and pagination",source-reviewed,"VoicePlanProgress distinguishes saving/uploading/attached/failure counts, exposes progress role/value and polite updates. Runtime announcement/reflow pending.",
S123,Voice / plan progress recovery,search,"Search, scope and filters",pending,,
S123,Voice / plan progress recovery,loading,"Loading, background refresh and progress",source-reviewed,"VoicePlanProgress distinguishes saving/uploading/attached/failure counts, exposes progress role/value and polite updates. Runtime announcement/reflow pending.",
S123,Voice / plan progress recovery,recovery,"Empty, error, denied and retry",pending,,
S123,Voice / plan progress recovery,editing,"Draft, save, cancel, undo and interruption",pending,,
S123,Voice / plan progress recovery,privacy,"Account scope, data use and permissions",pending,,
S123,Voice / plan progress recovery,notifications,System notification entry and state,pending,,
S123,Voice / plan progress recovery,media,"Camera, library, files and audio",pending,,
S123,Voice / plan progress recovery,lifecycle,"Cold/warm start, blur, background and deep link",pending,,
S124,Voice / provider readiness,task,Task clarity and platform-pattern fit,pending,,
S124,Voice / provider readiness,navigation,"Navigation, hierarchy and return",pending,,
S124,Voice / provider readiness,selection,Value selection and current value,pending,,
S124,Voice / provider readiness,modality,Presentation and dismissal,pending,,
S124,Voice / provider readiness,layout,"Safe areas, scroll edges and overlays",pending,,
S124,Voice / provider readiness,adaptation,Phone/tablet/window reflow,pending,,
S124,Voice / provider readiness,typography,"Dynamic Type, wrapping and legibility",pending,,
S124,Voice / provider readiness,appearance,"Light/dark, contrast and materials",pending,,
S124,Voice / provider readiness,localization,"Locale, timezone, RTL and long strings",pending,,
S124,Voice / provider readiness,imagery,"Icons, photos and missing media",pending,,
S124,Voice / provider readiness,targets,Touch target size and reachability,pending,,
S124,Voice / provider readiness,gestures,Gestures and explicit alternatives,pending,,
S124,Voice / provider readiness,keyboard,"Keyboard, text entry and focus",pending,,
S124,Voice / provider readiness,accessibility,"VoiceOver/TalkBack names, roles, states and order",pending,,
S124,Voice / provider readiness,motion,Reduced motion and feedback alternatives,pending,,
S124,Voice / provider readiness,content,"Lists, hierarchy, density and pagination",pending,,
S124,Voice / provider readiness,search,"Search, scope and filters",pending,,
S124,Voice / provider readiness,loading,"Loading, background refresh and progress",pending,,
S124,Voice / provider readiness,recovery,"Empty, error, denied and retry",pending,,
S124,Voice / provider readiness,editing,"Draft, save, cancel, undo and interruption",pending,,
S124,Voice / provider readiness,privacy,"Account scope, data use and permissions",pending,,
S124,Voice / provider readiness,notifications,System notification entry and state,pending,,
S124,Voice / provider readiness,media,"Camera, library, files and audio",pending,,
S124,Voice / provider readiness,lifecycle,"Cold/warm start, blur, background and deep link",pending,,
S125,Voice / credential editor,task,Task clarity and platform-pattern fit,pending,,
S125,Voice / credential editor,navigation,"Navigation, hierarchy and return",pending,,
S125,Voice / credential editor,selection,Value selection and current value,pending,,
S125,Voice / credential editor,modality,Presentation and dismissal,pending,,
S125,Voice / credential editor,layout,"Safe areas, scroll edges and overlays",pending,,
S125,Voice / credential editor,adaptation,Phone/tablet/window reflow,pending,,
S125,Voice / credential editor,typography,"Dynamic Type, wrapping and legibility",pending,,
S125,Voice / credential editor,appearance,"Light/dark, contrast and materials",pending,,
S125,Voice / credential editor,localization,"Locale, timezone, RTL and long strings",pending,,
S125,Voice / credential editor,imagery,"Icons, photos and missing media",pending,,
S125,Voice / credential editor,targets,Touch target size and reachability,pending,,
S125,Voice / credential editor,gestures,Gestures and explicit alternatives,pending,,
S125,Voice / credential editor,keyboard,"Keyboard, text entry and focus",pending,,
S125,Voice / credential editor,accessibility,"VoiceOver/TalkBack names, roles, states and order",pending,,
S125,Voice / credential editor,motion,Reduced motion and feedback alternatives,pending,,
S125,Voice / credential editor,content,"Lists, hierarchy, density and pagination",pending,,
S125,Voice / credential editor,search,"Search, scope and filters",pending,,
S125,Voice / credential editor,loading,"Loading, background refresh and progress",pending,,
S125,Voice / credential editor,recovery,"Empty, error, denied and retry",pending,,
S125,Voice / credential editor,editing,"Draft, save, cancel, undo and interruption",pending,,
S125,Voice / credential editor,privacy,"Account scope, data use and permissions",pending,,
S125,Voice / credential editor,notifications,System notification entry and state,pending,,
S125,Voice / credential editor,media,"Camera, library, files and audio",pending,,
S125,Voice / credential editor,lifecycle,"Cold/warm start, blur, background and deep link",pending,,
S126,Voice / prompt editor,task,Task clarity and platform-pattern fit,pending,,
S126,Voice / prompt editor,navigation,"Navigation, hierarchy and return",pending,,
S126,Voice / prompt editor,selection,Value selection and current value,pending,,
S126,Voice / prompt editor,modality,Presentation and dismissal,pending,,
S126,Voice / prompt editor,layout,"Safe areas, scroll edges and overlays",pending,,
S126,Voice / prompt editor,adaptation,Phone/tablet/window reflow,pending,,
S126,Voice / prompt editor,typography,"Dynamic Type, wrapping and legibility",pending,,
S126,Voice / prompt editor,appearance,"Light/dark, contrast and materials",pending,,
S126,Voice / prompt editor,localization,"Locale, timezone, RTL and long strings",pending,,
S126,Voice / prompt editor,imagery,"Icons, photos and missing media",pending,,
S126,Voice / prompt editor,targets,Touch target size and reachability,pending,,
S126,Voice / prompt editor,gestures,Gestures and explicit alternatives,pending,,
S126,Voice / prompt editor,keyboard,"Keyboard, text entry and focus",pending,,
S126,Voice / prompt editor,accessibility,"VoiceOver/TalkBack names, roles, states and order",pending,,
S126,Voice / prompt editor,motion,Reduced motion and feedback alternatives,pending,,
S126,Voice / prompt editor,content,"Lists, hierarchy, density and pagination",pending,,
S126,Voice / prompt editor,search,"Search, scope and filters",pending,,
S126,Voice / prompt editor,loading,"Loading, background refresh and progress",pending,,
S126,Voice / prompt editor,recovery,"Empty, error, denied and retry",pending,,
S126,Voice / prompt editor,editing,"Draft, save, cancel, undo and interruption",pending,,
S126,Voice / prompt editor,privacy,"Account scope, data use and permissions",pending,,
S126,Voice / prompt editor,notifications,System notification entry and state,pending,,
S126,Voice / prompt editor,media,"Camera, library, files and audio",pending,,
S126,Voice / prompt editor,lifecycle,"Cold/warm start, blur, background and deep link",pending,,
S127,System / keyboard accessory,task,Task clarity and platform-pattern fit,pending,,
S127,System / keyboard accessory,navigation,"Navigation, hierarchy and return",pending,,
S127,System / keyboard accessory,selection,Value selection and current value,pending,,
S127,System / keyboard accessory,modality,Presentation and dismissal,pending,,
S127,System / keyboard accessory,layout,"Safe areas, scroll edges and overlays",pending,,
S127,System / keyboard accessory,adaptation,Phone/tablet/window reflow,pending,,
S127,System / keyboard accessory,typography,"Dynamic Type, wrapping and legibility",pending,,
S127,System / keyboard accessory,appearance,"Light/dark, contrast and materials",pending,,
S127,System / keyboard accessory,localization,"Locale, timezone, RTL and long strings",pending,,
S127,System / keyboard accessory,imagery,"Icons, photos and missing media",pending,,
S127,System / keyboard accessory,targets,Touch target size and reachability,pending,,
S127,System / keyboard accessory,gestures,Gestures and explicit alternatives,pending,,
S127,System / keyboard accessory,keyboard,"Keyboard, text entry and focus",pending,,
S127,System / keyboard accessory,accessibility,"VoiceOver/TalkBack names, roles, states and order",pending,,
S127,System / keyboard accessory,motion,Reduced motion and feedback alternatives,pending,,
S127,System / keyboard accessory,content,"Lists, hierarchy, density and pagination",pending,,
S127,System / keyboard accessory,search,"Search, scope and filters",pending,,
S127,System / keyboard accessory,loading,"Loading, background refresh and progress",pending,,
S127,System / keyboard accessory,recovery,"Empty, error, denied and retry",pending,,
S127,System / keyboard accessory,editing,"Draft, save, cancel, undo and interruption",pending,,
S127,System / keyboard accessory,privacy,"Account scope, data use and permissions",pending,,
S127,System / keyboard accessory,notifications,System notification entry and state,pending,,
S127,System / keyboard accessory,media,"Camera, library, files and audio",pending,,
S127,System / keyboard accessory,lifecycle,"Cold/warm start, blur, background and deep link",pending,,
S128,System / global notice,task,Task clarity and platform-pattern fit,pending,,
S128,System / global notice,navigation,"Navigation, hierarchy and return",pending,,
S128,System / global notice,selection,Value selection and current value,pending,,
S128,System / global notice,modality,Presentation and dismissal,pending,,
S128,System / global notice,layout,"Safe areas, scroll edges and overlays",pending,,
S128,System / global notice,adaptation,Phone/tablet/window reflow,pending,,
S128,System / global notice,typography,"Dynamic Type, wrapping and legibility",source-reviewed,"248052a6; persistent actionable feedback, assistive preferences, labels/targets, source stacking; 1336 tests/check/structural; runtime pending",M06;M12
S128,System / global notice,appearance,"Light/dark, contrast and materials",pending,,
S128,System / global notice,localization,"Locale, timezone, RTL and long strings",pending,,
S128,System / global notice,imagery,"Icons, photos and missing media",pending,,
S128,System / global notice,targets,Touch target size and reachability,source-reviewed,"248052a6; persistent actionable feedback, assistive preferences, labels/targets, source stacking; 1336 tests/check/structural; runtime pending",M06;M12
S128,System / global notice,gestures,Gestures and explicit alternatives,pending,,
S128,System / global notice,keyboard,"Keyboard, text entry and focus",pending,,
S128,System / global notice,accessibility,"VoiceOver/TalkBack names, roles, states and order",source-reviewed,"248052a6; persistent actionable feedback, assistive preferences, labels/targets, source stacking; 1336 tests/check/structural; runtime pending",M06;M12
S128,System / global notice,motion,Reduced motion and feedback alternatives,source-reviewed,"248052a6; persistent actionable feedback, assistive preferences, labels/targets, source stacking; 1336 tests/check/structural; runtime pending",M06;M12
S128,System / global notice,content,"Lists, hierarchy, density and pagination",pending,,
S128,System / global notice,search,"Search, scope and filters",pending,,
S128,System / global notice,loading,"Loading, background refresh and progress",source-reviewed,"248052a6; persistent actionable feedback, assistive preferences, labels/targets, source stacking; 1336 tests/check/structural; runtime pending",M06;M12
S128,System / global notice,recovery,"Empty, error, denied and retry",source-reviewed,"248052a6; persistent actionable feedback, assistive preferences, labels/targets, source stacking; 1336 tests/check/structural; runtime pending",M06;M12
S128,System / global notice,editing,"Draft, save, cancel, undo and interruption",pending,,
S128,System / global notice,privacy,"Account scope, data use and permissions",pending,,
S128,System / global notice,notifications,System notification entry and state,pending,,
S128,System / global notice,media,"Camera, library, files and audio",pending,,
S128,System / global notice,lifecycle,"Cold/warm start, blur, background and deep link",source-reviewed,"248052a6; persistent actionable feedback, assistive preferences, labels/targets, source stacking; 1336 tests/check/structural; runtime pending",M06;M12
S129,System / confirmation alert,task,Task clarity and platform-pattern fit,pending,,
S129,System / confirmation alert,navigation,"Navigation, hierarchy and return",pending,,
S129,System / confirmation alert,selection,Value selection and current value,pending,,
S129,System / confirmation alert,modality,Presentation and dismissal,pending,,
S129,System / confirmation alert,layout,"Safe areas, scroll edges and overlays",pending,,
S129,System / confirmation alert,adaptation,Phone/tablet/window reflow,pending,,
S129,System / confirmation alert,typography,"Dynamic Type, wrapping and legibility",pending,,
S129,System / confirmation alert,appearance,"Light/dark, contrast and materials",pending,,
S129,System / confirmation alert,localization,"Locale, timezone, RTL and long strings",pending,,
S129,System / confirmation alert,imagery,"Icons, photos and missing media",pending,,
S129,System / confirmation alert,targets,Touch target size and reachability,pending,,
S129,System / confirmation alert,gestures,Gestures and explicit alternatives,pending,,
S129,System / confirmation alert,keyboard,"Keyboard, text entry and focus",pending,,
S129,System / confirmation alert,accessibility,"VoiceOver/TalkBack names, roles, states and order",pending,,
S129,System / confirmation alert,motion,Reduced motion and feedback alternatives,pending,,
S129,System / confirmation alert,content,"Lists, hierarchy, density and pagination",pending,,
S129,System / confirmation alert,search,"Search, scope and filters",pending,,
S129,System / confirmation alert,loading,"Loading, background refresh and progress",pending,,
S129,System / confirmation alert,recovery,"Empty, error, denied and retry",pending,,
S129,System / confirmation alert,editing,"Draft, save, cancel, undo and interruption",pending,,
S129,System / confirmation alert,privacy,"Account scope, data use and permissions",pending,,
S129,System / confirmation alert,notifications,System notification entry and state,pending,,
S129,System / confirmation alert,media,"Camera, library, files and audio",pending,,
S129,System / confirmation alert,lifecycle,"Cold/warm start, blur, background and deep link",pending,,
S130,System / push cold warm tap,task,Task clarity and platform-pattern fit,pending,,
S130,System / push cold warm tap,navigation,"Navigation, hierarchy and return",pending,,
S130,System / push cold warm tap,selection,Value selection and current value,pending,,
S130,System / push cold warm tap,modality,Presentation and dismissal,pending,,
S130,System / push cold warm tap,layout,"Safe areas, scroll edges and overlays",pending,,
S130,System / push cold warm tap,adaptation,Phone/tablet/window reflow,pending,,
S130,System / push cold warm tap,typography,"Dynamic Type, wrapping and legibility",pending,,
S130,System / push cold warm tap,appearance,"Light/dark, contrast and materials",pending,,
S130,System / push cold warm tap,localization,"Locale, timezone, RTL and long strings",pending,,
S130,System / push cold warm tap,imagery,"Icons, photos and missing media",pending,,
S130,System / push cold warm tap,targets,Touch target size and reachability,pending,,
S130,System / push cold warm tap,gestures,Gestures and explicit alternatives,pending,,
S130,System / push cold warm tap,keyboard,"Keyboard, text entry and focus",pending,,
S130,System / push cold warm tap,accessibility,"VoiceOver/TalkBack names, roles, states and order",pending,,
S130,System / push cold warm tap,motion,Reduced motion and feedback alternatives,pending,,
S130,System / push cold warm tap,content,"Lists, hierarchy, density and pagination",pending,,
S130,System / push cold warm tap,search,"Search, scope and filters",pending,,
S130,System / push cold warm tap,loading,"Loading, background refresh and progress",pending,,
S130,System / push cold warm tap,recovery,"Empty, error, denied and retry",pending,,
S130,System / push cold warm tap,editing,"Draft, save, cancel, undo and interruption",pending,,
S130,System / push cold warm tap,privacy,"Account scope, data use and permissions",pending,,
S130,System / push cold warm tap,notifications,System notification entry and state,pending,,
S130,System / push cold warm tap,media,"Camera, library, files and audio",pending,,
S130,System / push cold warm tap,lifecycle,"Cold/warm start, blur, background and deep link",pending,,
S131,System / invitation link,task,Task clarity and platform-pattern fit,pending,,
S131,System / invitation link,navigation,"Navigation, hierarchy and return",pending,,
S131,System / invitation link,selection,Value selection and current value,pending,,
S131,System / invitation link,modality,Presentation and dismissal,pending,,
S131,System / invitation link,layout,"Safe areas, scroll edges and overlays",pending,,
S131,System / invitation link,adaptation,Phone/tablet/window reflow,pending,,
S131,System / invitation link,typography,"Dynamic Type, wrapping and legibility",pending,,
S131,System / invitation link,appearance,"Light/dark, contrast and materials",pending,,
S131,System / invitation link,localization,"Locale, timezone, RTL and long strings",pending,,
S131,System / invitation link,imagery,"Icons, photos and missing media",pending,,
S131,System / invitation link,targets,Touch target size and reachability,pending,,
S131,System / invitation link,gestures,Gestures and explicit alternatives,pending,,
S131,System / invitation link,keyboard,"Keyboard, text entry and focus",pending,,
S131,System / invitation link,accessibility,"VoiceOver/TalkBack names, roles, states and order",pending,,
S131,System / invitation link,motion,Reduced motion and feedback alternatives,pending,,
S131,System / invitation link,content,"Lists, hierarchy, density and pagination",pending,,
S131,System / invitation link,search,"Search, scope and filters",pending,,
S131,System / invitation link,loading,"Loading, background refresh and progress",pending,,
S131,System / invitation link,recovery,"Empty, error, denied and retry",pending,,
S131,System / invitation link,editing,"Draft, save, cancel, undo and interruption",pending,,
S131,System / invitation link,privacy,"Account scope, data use and permissions",pending,,
S131,System / invitation link,notifications,System notification entry and state,pending,,
S131,System / invitation link,media,"Camera, library, files and audio",pending,,
S131,System / invitation link,lifecycle,"Cold/warm start, blur, background and deep link",pending,,
S132,System / permission denied recovery,task,Task clarity and platform-pattern fit,pending,,
S132,System / permission denied recovery,navigation,"Navigation, hierarchy and return",pending,,
S132,System / permission denied recovery,selection,Value selection and current value,pending,,
S132,System / permission denied recovery,modality,Presentation and dismissal,pending,,
S132,System / permission denied recovery,layout,"Safe areas, scroll edges and overlays",pending,,
S132,System / permission denied recovery,adaptation,Phone/tablet/window reflow,pending,,
S132,System / permission denied recovery,typography,"Dynamic Type, wrapping and legibility",pending,,
S132,System / permission denied recovery,appearance,"Light/dark, contrast and materials",pending,,
S132,System / permission denied recovery,localization,"Locale, timezone, RTL and long strings",pending,,
S132,System / permission denied recovery,imagery,"Icons, photos and missing media",pending,,
S132,System / permission denied recovery,targets,Touch target size and reachability,pending,,
S132,System / permission denied recovery,gestures,Gestures and explicit alternatives,pending,,
S132,System / permission denied recovery,keyboard,"Keyboard, text entry and focus",pending,,
S132,System / permission denied recovery,accessibility,"VoiceOver/TalkBack names, roles, states and order",pending,,
S132,System / permission denied recovery,motion,Reduced motion and feedback alternatives,pending,,
S132,System / permission denied recovery,content,"Lists, hierarchy, density and pagination",pending,,
S132,System / permission denied recovery,search,"Search, scope and filters",pending,,
S132,System / permission denied recovery,loading,"Loading, background refresh and progress",pending,,
S132,System / permission denied recovery,recovery,"Empty, error, denied and retry",pending,,
S132,System / permission denied recovery,editing,"Draft, save, cancel, undo and interruption",pending,,
S132,System / permission denied recovery,privacy,"Account scope, data use and permissions",pending,,
S132,System / permission denied recovery,notifications,System notification entry and state,pending,,
S132,System / permission denied recovery,media,"Camera, library, files and audio",pending,,
S132,System / permission denied recovery,lifecycle,"Cold/warm start, blur, background and deep link",pending,,
